checkpoint,iter,layer,channel,usage_rate
ckpt.pt,1000,all,0,0.32892608642578125
ckpt.pt,1000,all,1,0.41947174072265625
ckpt.pt,1000,all,2,0.2395782470703125
ckpt.pt,1000,all,3,0.46561431884765625
ckpt.pt,1000,all,4,0.41912841796875
ckpt.pt,1000,all,5,0.31695556640625
ckpt.pt,1000,all,6,0.3125457763671875
ckpt.pt,1000,all,7,0.39926910400390625
ckpt.pt,1000,all,8,0.285308837890625
ckpt.pt,1000,all,9,0.34954071044921875
ckpt.pt,1000,all,10,0.2587127685546875
ckpt.pt,1000,all,11,0.45169830322265625
ckpt.pt,1000,all,12,0.43792724609375
ckpt.pt,1000,all,13,0.3621368408203125
ckpt.pt,1000,all,14,0.392364501953125
ckpt.pt,1000,all,15,0.3927154541015625
ckpt.pt,1000,all,16,0.4765625
ckpt.pt,1000,all,17,0.47563934326171875
ckpt.pt,1000,all,18,0.41904449462890625
ckpt.pt,1000,all,19,0.32813262939453125
ckpt.pt,1000,all,20,0.311920166015625
ckpt.pt,1000,all,21,0.3505859375
ckpt.pt,1000,all,22,0.3790435791015625
ckpt.pt,1000,all,23,0.40636444091796875
ckpt.pt,1000,all,24,0.376007080078125
ckpt.pt,1000,all,25,0.37294769287109375
ckpt.pt,1000,all,26,0.5740585327148438
ckpt.pt,1000,all,27,0.2761077880859375
ckpt.pt,1000,all,28,0.29860687255859375
ckpt.pt,1000,all,29,0.40325164794921875
ckpt.pt,1000,all,30,0.5061569213867188
ckpt.pt,1000,all,31,0.26418304443359375
ckpt.pt,1000,all,32,0.30905914306640625
ckpt.pt,1000,all,33,0.27252960205078125
ckpt.pt,1000,all,34,0.44622802734375
ckpt.pt,1000,all,35,0.4153900146484375
ckpt.pt,1000,all,36,0.6609268188476562
ckpt.pt,1000,all,37,0.30651092529296875
ckpt.pt,1000,all,38,0.34990692138671875
ckpt.pt,1000,all,39,0.1554718017578125
ckpt.pt,1000,all,40,0.52410888671875
ckpt.pt,1000,all,41,0.37249755859375
ckpt.pt,1000,all,42,0.3726806640625
ckpt.pt,1000,all,43,0.15886688232421875
ckpt.pt,1000,all,44,0.31279754638671875
ckpt.pt,1000,all,45,0.3260498046875
ckpt.pt,1000,all,46,0.251556396484375
ckpt.pt,1000,all,47,0.43018341064453125
ckpt.pt,1000,all,48,0.2201080322265625
ckpt.pt,1000,all,49,0.32027435302734375
ckpt.pt,1000,all,50,0.33164215087890625
ckpt.pt,1000,all,51,0.3630218505859375
ckpt.pt,1000,all,52,0.3300933837890625
ckpt.pt,1000,all,53,0.41896820068359375
ckpt.pt,1000,all,54,0.28955078125
ckpt.pt,1000,all,55,0.46063232421875
ckpt.pt,1000,all,56,0.26346588134765625
ckpt.pt,1000,all,57,0.31885528564453125
ckpt.pt,1000,all,58,0.33292388916015625
ckpt.pt,1000,all,59,0.191131591796875
ckpt.pt,1000,all,60,0.47539520263671875
ckpt.pt,1000,all,61,0.21550750732421875
ckpt.pt,1000,all,62,0.392578125
ckpt.pt,1000,all,63,0.17682647705078125
ckpt.pt,1000,all,64,0.5187835693359375
ckpt.pt,1000,all,65,0.45003509521484375
ckpt.pt,1000,all,66,0.2837371826171875
ckpt.pt,1000,all,67,0.328125
ckpt.pt,1000,all,68,0.30358123779296875
ckpt.pt,1000,all,69,0.1891632080078125
ckpt.pt,1000,all,70,0.5990219116210938
ckpt.pt,1000,all,71,0.25579833984375
ckpt.pt,1000,all,72,0.3446502685546875
ckpt.pt,1000,all,73,0.5371170043945312
ckpt.pt,1000,all,74,0.35942840576171875
ckpt.pt,1000,all,75,0.39829254150390625
ckpt.pt,1000,all,76,0.3713226318359375
ckpt.pt,1000,all,77,0.21392059326171875
ckpt.pt,1000,all,78,0.27890777587890625
ckpt.pt,1000,all,79,0.35065460205078125
ckpt.pt,1000,all,80,0.437652587890625
ckpt.pt,1000,all,81,0.2905731201171875
ckpt.pt,1000,all,82,0.42247772216796875
ckpt.pt,1000,all,83,0.2215118408203125
ckpt.pt,1000,all,84,0.4989013671875
ckpt.pt,1000,all,85,0.580657958984375
ckpt.pt,1000,all,86,0.6725234985351562
ckpt.pt,1000,all,87,0.58013916015625
ckpt.pt,1000,all,88,0.3729095458984375
ckpt.pt,1000,all,89,0.41272735595703125
ckpt.pt,1000,all,90,0.380828857421875
ckpt.pt,1000,all,91,0.41327667236328125
ckpt.pt,1000,all,92,0.450653076171875
ckpt.pt,1000,all,93,0.3392181396484375
ckpt.pt,1000,all,94,0.40096282958984375
ckpt.pt,1000,all,95,0.27533721923828125
ckpt.pt,1000,all,96,0.27487945556640625
ckpt.pt,1000,all,97,0.296112060546875
ckpt.pt,1000,all,98,0.31212615966796875
ckpt.pt,1000,all,99,0.4255523681640625
ckpt.pt,1000,all,100,0.478912353515625
ckpt.pt,1000,all,101,0.35846710205078125
ckpt.pt,1000,all,102,0.27204132080078125
ckpt.pt,1000,all,103,0.3724212646484375
ckpt.pt,1000,all,104,0.6758956909179688
ckpt.pt,1000,all,105,0.16399383544921875
ckpt.pt,1000,all,106,0.2018890380859375
ckpt.pt,1000,all,107,0.260284423828125
ckpt.pt,1000,all,108,0.22052001953125
ckpt.pt,1000,all,109,0.33600616455078125
ckpt.pt,1000,all,110,0.33870697021484375
ckpt.pt,1000,all,111,0.4337615966796875
ckpt.pt,1000,all,112,0.35781097412109375
ckpt.pt,1000,all,113,0.15887451171875
ckpt.pt,1000,all,114,0.34641265869140625
ckpt.pt,1000,all,115,0.3118896484375
ckpt.pt,1000,all,116,0.4555511474609375
ckpt.pt,1000,all,117,0.5437774658203125
ckpt.pt,1000,all,118,0.2215423583984375
ckpt.pt,1000,all,119,0.3913116455078125
ckpt.pt,1000,all,120,0.25881195068359375
ckpt.pt,1000,all,121,0.35387420654296875
ckpt.pt,1000,all,122,0.47258758544921875
ckpt.pt,1000,all,123,0.2536163330078125
ckpt.pt,1000,all,124,0.14469146728515625
ckpt.pt,1000,all,125,0.144561767578125
ckpt.pt,1000,all,126,0.42536163330078125
ckpt.pt,1000,all,127,0.4166107177734375
ckpt.pt,1000,all,128,0.16706085205078125
ckpt.pt,1000,all,129,0.47370147705078125
ckpt.pt,1000,all,130,0.39304351806640625
ckpt.pt,1000,all,131,0.5096359252929688
ckpt.pt,1000,all,132,0.3973388671875
ckpt.pt,1000,all,133,0.28183746337890625
ckpt.pt,1000,all,134,0.505950927734375
ckpt.pt,1000,all,135,0.28760528564453125
ckpt.pt,1000,all,136,0.27639007568359375
ckpt.pt,1000,all,137,0.384735107421875
ckpt.pt,1000,all,138,0.505706787109375
ckpt.pt,1000,all,139,0.36327362060546875
ckpt.pt,1000,all,140,0.2803192138671875
ckpt.pt,1000,all,141,0.45076751708984375
ckpt.pt,1000,all,142,0.38893890380859375
ckpt.pt,1000,all,143,0.361236572265625
ckpt.pt,1000,all,144,0.43286895751953125
ckpt.pt,1000,all,145,0.42653656005859375
ckpt.pt,1000,all,146,0.41281890869140625
ckpt.pt,1000,all,147,0.30979156494140625
ckpt.pt,1000,all,148,0.35523223876953125
ckpt.pt,1000,all,149,0.2874603271484375
ckpt.pt,1000,all,150,0.24631500244140625
ckpt.pt,1000,all,151,0.39076995849609375
ckpt.pt,1000,all,152,0.20865631103515625
ckpt.pt,1000,all,153,0.19195556640625
ckpt.pt,1000,all,154,0.2055816650390625
ckpt.pt,1000,all,155,0.394317626953125
ckpt.pt,1000,all,156,0.2161102294921875
ckpt.pt,1000,all,157,0.27902984619140625
ckpt.pt,1000,all,158,0.3059539794921875
ckpt.pt,1000,all,159,0.46239471435546875
ckpt.pt,1000,all,160,0.38661956787109375
ckpt.pt,1000,all,161,0.22362518310546875
ckpt.pt,1000,all,162,0.22588348388671875
ckpt.pt,1000,all,163,0.49843597412109375
ckpt.pt,1000,all,164,0.304534912109375
ckpt.pt,1000,all,165,0.6129531860351562
ckpt.pt,1000,all,166,0.2438201904296875
ckpt.pt,1000,all,167,0.378692626953125
ckpt.pt,1000,all,168,0.3208770751953125
ckpt.pt,1000,all,169,0.5294647216796875
ckpt.pt,1000,all,170,0.33341217041015625
ckpt.pt,1000,all,171,0.38277435302734375
ckpt.pt,1000,all,172,0.31845855712890625
ckpt.pt,1000,all,173,0.3762054443359375
ckpt.pt,1000,all,174,0.5946197509765625
ckpt.pt,1000,all,175,0.5111618041992188
ckpt.pt,1000,all,176,0.2830963134765625
ckpt.pt,1000,all,177,0.34470367431640625
ckpt.pt,1000,all,178,0.337127685546875
ckpt.pt,1000,all,179,0.37087249755859375
ckpt.pt,1000,all,180,0.293121337890625
ckpt.pt,1000,all,181,0.456695556640625
ckpt.pt,1000,all,182,0.35516357421875
ckpt.pt,1000,all,183,0.5626678466796875
ckpt.pt,1000,all,184,0.23258209228515625
ckpt.pt,1000,all,185,0.22075653076171875
ckpt.pt,1000,all,186,0.5114364624023438
ckpt.pt,1000,all,187,0.42813873291015625
ckpt.pt,1000,all,188,0.38233184814453125
ckpt.pt,1000,all,189,0.32733917236328125
ckpt.pt,1000,all,190,0.2664642333984375
ckpt.pt,1000,all,191,0.6033782958984375
ckpt.pt,1000,all,192,0.234161376953125
ckpt.pt,1000,all,193,0.39228057861328125
ckpt.pt,1000,all,194,0.3682098388671875
ckpt.pt,1000,all,195,0.4030914306640625
ckpt.pt,1000,all,196,0.47028350830078125
ckpt.pt,1000,all,197,0.4026336669921875
ckpt.pt,1000,all,198,0.44377899169921875
ckpt.pt,1000,all,199,0.4051361083984375
ckpt.pt,1000,all,200,0.1728668212890625
ckpt.pt,1000,all,201,0.34358978271484375
ckpt.pt,1000,all,202,0.3097686767578125
ckpt.pt,1000,all,203,0.30731964111328125
ckpt.pt,1000,all,204,0.3448333740234375
ckpt.pt,1000,all,205,0.1976470947265625
ckpt.pt,1000,all,206,0.2637939453125
ckpt.pt,1000,all,207,0.34799957275390625
ckpt.pt,1000,all,208,0.262969970703125
ckpt.pt,1000,all,209,0.316925048828125
ckpt.pt,1000,all,210,0.3480987548828125
ckpt.pt,1000,all,211,0.3142547607421875
ckpt.pt,1000,all,212,0.39746856689453125
ckpt.pt,1000,all,213,0.38166046142578125
ckpt.pt,1000,all,214,0.3031463623046875
ckpt.pt,1000,all,215,0.25699615478515625
ckpt.pt,1000,all,216,0.2931060791015625
ckpt.pt,1000,all,217,0.4640045166015625
ckpt.pt,1000,all,218,0.32894134521484375
ckpt.pt,1000,all,219,0.26692962646484375
ckpt.pt,1000,all,220,0.478485107421875
ckpt.pt,1000,all,221,0.303741455078125
ckpt.pt,1000,all,222,0.40706634521484375
ckpt.pt,1000,all,223,0.4724578857421875
ckpt.pt,1000,all,224,0.31867218017578125
ckpt.pt,1000,all,225,0.37149810791015625
ckpt.pt,1000,all,226,0.47049713134765625
ckpt.pt,1000,all,227,0.278076171875
ckpt.pt,1000,all,228,0.2700653076171875
ckpt.pt,1000,all,229,0.2471160888671875
ckpt.pt,1000,all,230,0.273773193359375
ckpt.pt,1000,all,231,0.46170806884765625
ckpt.pt,1000,all,232,0.29901123046875
ckpt.pt,1000,all,233,0.2825775146484375
ckpt.pt,1000,all,234,0.512908935546875
ckpt.pt,1000,all,235,0.5019302368164062
ckpt.pt,1000,all,236,0.35765838623046875
ckpt.pt,1000,all,237,0.5594253540039062
ckpt.pt,1000,all,238,0.37801361083984375
ckpt.pt,1000,all,239,0.2897796630859375
ckpt.pt,1000,all,240,0.25115966796875
ckpt.pt,1000,all,241,0.27655792236328125
ckpt.pt,1000,all,242,0.242401123046875
ckpt.pt,1000,all,243,0.382232666015625
ckpt.pt,1000,all,244,0.25588226318359375
ckpt.pt,1000,all,245,0.1789093017578125
ckpt.pt,1000,all,246,0.35071563720703125
ckpt.pt,1000,all,247,0.34148406982421875
ckpt.pt,1000,all,248,0.4773406982421875
ckpt.pt,1000,all,249,0.37029266357421875
ckpt.pt,1000,all,250,0.41094207763671875
ckpt.pt,1000,all,251,0.36529541015625
ckpt.pt,1000,all,252,0.6323699951171875
ckpt.pt,1000,all,253,0.1813507080078125
ckpt.pt,1000,all,254,0.5546188354492188
ckpt.pt,1000,all,255,0.62408447265625
ckpt.pt,1000,all,256,0.2576141357421875
ckpt.pt,1000,all,257,0.24970245361328125
ckpt.pt,1000,all,258,0.24738311767578125
ckpt.pt,1000,all,259,0.356536865234375
ckpt.pt,1000,all,260,0.2752532958984375
ckpt.pt,1000,all,261,0.4976043701171875
ckpt.pt,1000,all,262,0.35004425048828125
ckpt.pt,1000,all,263,0.22977447509765625
ckpt.pt,1000,all,264,0.346588134765625
ckpt.pt,1000,all,265,0.3647308349609375
ckpt.pt,1000,all,266,0.31244659423828125
ckpt.pt,1000,all,267,0.42874908447265625
ckpt.pt,1000,all,268,0.4153900146484375
ckpt.pt,1000,all,269,0.41501617431640625
ckpt.pt,1000,all,270,0.2848968505859375
ckpt.pt,1000,all,271,0.5340652465820312
ckpt.pt,1000,all,272,0.5164413452148438
ckpt.pt,1000,all,273,0.6461105346679688
ckpt.pt,1000,all,274,0.383331298828125
ckpt.pt,1000,all,275,0.39666748046875
ckpt.pt,1000,all,276,0.544281005859375
ckpt.pt,1000,all,277,0.36420440673828125
ckpt.pt,1000,all,278,0.39693450927734375
ckpt.pt,1000,all,279,0.29019927978515625
ckpt.pt,1000,all,280,0.3435516357421875
ckpt.pt,1000,all,281,0.4450225830078125
ckpt.pt,1000,all,282,0.27381134033203125
ckpt.pt,1000,all,283,0.32959747314453125
ckpt.pt,1000,all,284,0.25980377197265625
ckpt.pt,1000,all,285,0.4044342041015625
ckpt.pt,1000,all,286,0.3984832763671875
ckpt.pt,1000,all,287,0.3765716552734375
ckpt.pt,1000,all,288,0.3883514404296875
ckpt.pt,1000,all,289,0.2103729248046875
ckpt.pt,1000,all,290,0.4082794189453125
ckpt.pt,1000,all,291,0.25783538818359375
ckpt.pt,1000,all,292,0.261810302734375
ckpt.pt,1000,all,293,0.3083648681640625
ckpt.pt,1000,all,294,0.29236602783203125
ckpt.pt,1000,all,295,0.3433837890625
ckpt.pt,1000,all,296,0.37636566162109375
ckpt.pt,1000,all,297,0.30779266357421875
ckpt.pt,1000,all,298,0.3945465087890625
ckpt.pt,1000,all,299,0.442108154296875
ckpt.pt,1000,all,300,0.41352081298828125
ckpt.pt,1000,all,301,0.32640838623046875
ckpt.pt,1000,all,302,0.42421722412109375
ckpt.pt,1000,all,303,0.40280914306640625
ckpt.pt,1000,all,304,0.5236282348632812
ckpt.pt,1000,all,305,0.17159271240234375
ckpt.pt,1000,all,306,0.37802886962890625
ckpt.pt,1000,all,307,0.44676971435546875
ckpt.pt,1000,all,308,0.23565673828125
ckpt.pt,1000,all,309,0.200164794921875
ckpt.pt,1000,all,310,0.353759765625
ckpt.pt,1000,all,311,0.49849700927734375
ckpt.pt,1000,all,312,0.26995849609375
ckpt.pt,1000,all,313,0.45030975341796875
ckpt.pt,1000,all,314,0.4087066650390625
ckpt.pt,1000,all,315,0.33119964599609375
ckpt.pt,1000,all,316,0.37999725341796875
ckpt.pt,1000,all,317,0.3985443115234375
ckpt.pt,1000,all,318,0.4166107177734375
ckpt.pt,1000,all,319,0.35837554931640625
ckpt.pt,1000,all,320,0.4518890380859375
ckpt.pt,1000,all,321,0.2841796875
ckpt.pt,1000,all,322,0.1771240234375
ckpt.pt,1000,all,323,0.43183135986328125
ckpt.pt,1000,all,324,0.6253662109375
ckpt.pt,1000,all,325,0.5119781494140625
ckpt.pt,1000,all,326,0.4379730224609375
ckpt.pt,1000,all,327,0.25911712646484375
ckpt.pt,1000,all,328,0.583709716796875
ckpt.pt,1000,all,329,0.34259033203125
ckpt.pt,1000,all,330,0.43088531494140625
ckpt.pt,1000,all,331,0.3352508544921875
ckpt.pt,1000,all,332,0.33258056640625
ckpt.pt,1000,all,333,0.2875518798828125
ckpt.pt,1000,all,334,0.3792266845703125
ckpt.pt,1000,all,335,0.2843170166015625
ckpt.pt,1000,all,336,0.15252685546875
ckpt.pt,1000,all,337,0.33760833740234375
ckpt.pt,1000,all,338,0.3544464111328125
ckpt.pt,1000,all,339,0.355987548828125
ckpt.pt,1000,all,340,0.6681137084960938
ckpt.pt,1000,all,341,0.3247528076171875
ckpt.pt,1000,all,342,0.3748626708984375
ckpt.pt,1000,all,343,0.1595916748046875
ckpt.pt,1000,all,344,0.429443359375
ckpt.pt,1000,all,345,0.41326141357421875
ckpt.pt,1000,all,346,0.3397216796875
ckpt.pt,1000,all,347,0.3015594482421875
ckpt.pt,1000,all,348,0.33837127685546875
ckpt.pt,1000,all,349,0.47267913818359375
ckpt.pt,1000,all,350,0.5273666381835938
ckpt.pt,1000,all,351,0.48688507080078125
ckpt.pt,1000,all,352,0.23070526123046875
ckpt.pt,1000,all,353,0.37953948974609375
ckpt.pt,1000,all,354,0.4147491455078125
ckpt.pt,1000,all,355,0.38037109375
ckpt.pt,1000,all,356,0.30461883544921875
ckpt.pt,1000,all,357,0.3642730712890625
ckpt.pt,1000,all,358,0.48784637451171875
ckpt.pt,1000,all,359,0.34679412841796875
ckpt.pt,1000,all,360,0.42926788330078125
ckpt.pt,1000,all,361,0.6012725830078125
ckpt.pt,1000,all,362,0.4203338623046875
ckpt.pt,1000,all,363,0.2232666015625
ckpt.pt,1000,all,364,0.5029754638671875
ckpt.pt,1000,all,365,0.41985321044921875
ckpt.pt,1000,all,366,0.47357177734375
ckpt.pt,1000,all,367,0.5600357055664062
ckpt.pt,1000,all,368,0.32614898681640625
ckpt.pt,1000,all,369,0.37091064453125
ckpt.pt,1000,all,370,0.49217987060546875
ckpt.pt,1000,all,371,0.2247772216796875
ckpt.pt,1000,all,372,0.1648712158203125
ckpt.pt,1000,all,373,0.18161773681640625
ckpt.pt,1000,all,374,0.41719818115234375
ckpt.pt,1000,all,375,0.31103515625
ckpt.pt,1000,all,376,0.19793701171875
ckpt.pt,1000,all,377,0.2955169677734375
ckpt.pt,1000,all,378,0.395477294921875
ckpt.pt,1000,all,379,0.6576766967773438
ckpt.pt,1000,all,380,0.29901123046875
ckpt.pt,1000,all,381,0.310791015625
ckpt.pt,1000,all,382,0.480499267578125
ckpt.pt,1000,all,383,0.37042236328125
ckpt.pt,1000,all,384,0.3209991455078125
ckpt.pt,1000,all,385,0.2541351318359375
ckpt.pt,1000,all,386,0.29219818115234375
ckpt.pt,1000,all,387,0.5050277709960938
ckpt.pt,1000,all,388,0.26981353759765625
ckpt.pt,1000,all,389,0.42121124267578125
ckpt.pt,1000,all,390,0.2752685546875
ckpt.pt,1000,all,391,0.46831512451171875
ckpt.pt,1000,all,392,0.32706451416015625
ckpt.pt,1000,all,393,0.26629638671875
ckpt.pt,1000,all,394,0.32757568359375
ckpt.pt,1000,all,395,0.3436126708984375
ckpt.pt,1000,all,396,0.1883392333984375
ckpt.pt,1000,all,397,0.33171844482421875
ckpt.pt,1000,all,398,0.40325927734375
ckpt.pt,1000,all,399,0.22711944580078125
ckpt.pt,1000,all,400,0.333251953125
ckpt.pt,1000,all,401,0.29842376708984375
ckpt.pt,1000,all,402,0.36110687255859375
ckpt.pt,1000,all,403,0.28255462646484375
ckpt.pt,1000,all,404,0.36992645263671875
ckpt.pt,1000,all,405,0.18758392333984375
ckpt.pt,1000,all,406,0.17060089111328125
ckpt.pt,1000,all,407,0.2618408203125
ckpt.pt,1000,all,408,0.33475494384765625
ckpt.pt,1000,all,409,0.39334869384765625
ckpt.pt,1000,all,410,0.35402679443359375
ckpt.pt,1000,all,411,0.31630706787109375
ckpt.pt,1000,all,412,0.2444305419921875
ckpt.pt,1000,all,413,0.19464874267578125
ckpt.pt,1000,all,414,0.42150115966796875
ckpt.pt,1000,all,415,0.38135528564453125
ckpt.pt,1000,all,416,0.46317291259765625
ckpt.pt,1000,all,417,0.15029144287109375
ckpt.pt,1000,all,418,0.22074127197265625
ckpt.pt,1000,all,419,0.32152557373046875
ckpt.pt,1000,all,420,0.392822265625
ckpt.pt,1000,all,421,0.4207916259765625
ckpt.pt,1000,all,422,0.31896209716796875
ckpt.pt,1000,all,423,0.31299591064453125
ckpt.pt,1000,all,424,0.3216400146484375
ckpt.pt,1000,all,425,0.3619384765625
ckpt.pt,1000,all,426,0.43154144287109375
ckpt.pt,1000,all,427,0.3795013427734375
ckpt.pt,1000,all,428,0.265716552734375
ckpt.pt,1000,all,429,0.2446441650390625
ckpt.pt,1000,all,430,0.5215225219726562
ckpt.pt,1000,all,431,0.40323638916015625
ckpt.pt,1000,all,432,0.295379638671875
ckpt.pt,1000,all,433,0.22867584228515625
ckpt.pt,1000,all,434,0.48743438720703125
ckpt.pt,1000,all,435,0.34914398193359375
ckpt.pt,1000,all,436,0.25258636474609375
ckpt.pt,1000,all,437,0.342926025390625
ckpt.pt,1000,all,438,0.42316436767578125
ckpt.pt,1000,all,439,0.29241180419921875
ckpt.pt,1000,all,440,0.353118896484375
ckpt.pt,1000,all,441,0.1536102294921875
ckpt.pt,1000,all,442,0.39288330078125
ckpt.pt,1000,all,443,0.24723052978515625
ckpt.pt,1000,all,444,0.4944610595703125
ckpt.pt,1000,all,445,0.45650482177734375
ckpt.pt,1000,all,446,0.4608612060546875
ckpt.pt,1000,all,447,0.34262847900390625
ckpt.pt,1000,all,448,0.7307891845703125
ckpt.pt,1000,all,449,0.26662445068359375
ckpt.pt,1000,all,450,0.26312255859375
ckpt.pt,1000,all,451,0.48152923583984375
ckpt.pt,1000,all,452,0.39670562744140625
ckpt.pt,1000,all,453,0.3320465087890625
ckpt.pt,1000,all,454,0.3283843994140625
ckpt.pt,1000,all,455,0.2838592529296875
ckpt.pt,1000,all,456,0.38915252685546875
ckpt.pt,1000,all,457,0.3902435302734375
ckpt.pt,1000,all,458,0.310791015625
ckpt.pt,1000,all,459,0.3184661865234375
ckpt.pt,1000,all,460,0.5353775024414062
ckpt.pt,1000,all,461,0.380035400390625
ckpt.pt,1000,all,462,0.229888916015625
ckpt.pt,1000,all,463,0.2707061767578125
ckpt.pt,1000,all,464,0.34510040283203125
ckpt.pt,1000,all,465,0.4050750732421875
ckpt.pt,1000,all,466,0.3194580078125
ckpt.pt,1000,all,467,0.34955596923828125
ckpt.pt,1000,all,468,0.31638336181640625
ckpt.pt,1000,all,469,0.42209625244140625
ckpt.pt,1000,all,470,0.24741363525390625
ckpt.pt,1000,all,471,0.5681686401367188
ckpt.pt,1000,all,472,0.34185028076171875
ckpt.pt,1000,all,473,0.3604736328125
ckpt.pt,1000,all,474,0.48621368408203125
ckpt.pt,1000,all,475,0.2731781005859375
ckpt.pt,1000,all,476,0.1295623779296875
ckpt.pt,1000,all,477,0.343994140625
ckpt.pt,1000,all,478,0.18360137939453125
ckpt.pt,1000,all,479,0.456024169921875
ckpt.pt,1000,all,480,0.37386322021484375
ckpt.pt,1000,all,481,0.3466033935546875
ckpt.pt,1000,all,482,0.5142135620117188
ckpt.pt,1000,all,483,0.33934783935546875
ckpt.pt,1000,all,484,0.4576568603515625
ckpt.pt,1000,all,485,0.2520751953125
ckpt.pt,1000,all,486,0.3529815673828125
ckpt.pt,1000,all,487,0.4293212890625
ckpt.pt,1000,all,488,0.32135772705078125
ckpt.pt,1000,all,489,0.4235687255859375
ckpt.pt,1000,all,490,0.3963775634765625
ckpt.pt,1000,all,491,0.31568145751953125
ckpt.pt,1000,all,492,0.35663604736328125
ckpt.pt,1000,all,493,0.356842041015625
ckpt.pt,1000,all,494,0.34912109375
ckpt.pt,1000,all,495,0.4274749755859375
ckpt.pt,1000,all,496,0.34200286865234375
ckpt.pt,1000,all,497,0.22119903564453125
ckpt.pt,1000,all,498,0.397857666015625
ckpt.pt,1000,all,499,0.31839752197265625
ckpt.pt,1000,all,500,0.47190093994140625
ckpt.pt,1000,all,501,0.30768585205078125
ckpt.pt,1000,all,502,0.4975128173828125
ckpt.pt,1000,all,503,0.29862213134765625
ckpt.pt,1000,all,504,0.42748260498046875
ckpt.pt,1000,all,505,0.2314605712890625
ckpt.pt,1000,all,506,0.3129119873046875
ckpt.pt,1000,all,507,0.40362548828125
ckpt.pt,1000,all,508,0.35781097412109375
ckpt.pt,1000,all,509,0.27956390380859375
ckpt.pt,1000,all,510,0.2170867919921875
ckpt.pt,1000,all,511,0.46759033203125
ckpt.pt,1000,1,0,0.621124267578125
ckpt.pt,1000,1,1,0.833953857421875
ckpt.pt,1000,1,2,0.486053466796875
ckpt.pt,1000,1,3,0.626556396484375
ckpt.pt,1000,1,4,0.656890869140625
ckpt.pt,1000,1,5,0.80267333984375
ckpt.pt,1000,1,6,0.53521728515625
ckpt.pt,1000,1,7,0.51080322265625
ckpt.pt,1000,1,8,0.315582275390625
ckpt.pt,1000,1,9,0.185546875
ckpt.pt,1000,1,10,0.076141357421875
ckpt.pt,1000,1,11,0.544189453125
ckpt.pt,1000,1,12,0.452484130859375
ckpt.pt,1000,1,13,0.518951416015625
ckpt.pt,1000,1,14,0.7227783203125
ckpt.pt,1000,1,15,0.37628173828125
ckpt.pt,1000,1,16,0.91510009765625
ckpt.pt,1000,1,17,0.8583984375
ckpt.pt,1000,1,18,0.523284912109375
ckpt.pt,1000,1,19,0.37322998046875
ckpt.pt,1000,1,20,0.33575439453125
ckpt.pt,1000,1,21,0.423095703125
ckpt.pt,1000,1,22,0.20294189453125
ckpt.pt,1000,1,23,0.707550048828125
ckpt.pt,1000,1,24,0.659088134765625
ckpt.pt,1000,1,25,0.70025634765625
ckpt.pt,1000,1,26,0.82177734375
ckpt.pt,1000,1,27,0.392608642578125
ckpt.pt,1000,1,28,0.19775390625
ckpt.pt,1000,1,29,0.742767333984375
ckpt.pt,1000,1,30,0.654083251953125
ckpt.pt,1000,1,31,0.138946533203125
ckpt.pt,1000,1,32,0.196502685546875
ckpt.pt,1000,1,33,0.456756591796875
ckpt.pt,1000,1,34,0.500640869140625
ckpt.pt,1000,1,35,0.39776611328125
ckpt.pt,1000,1,36,0.8150634765625
ckpt.pt,1000,1,37,0.4910888671875
ckpt.pt,1000,1,38,0.166839599609375
ckpt.pt,1000,1,39,0.143280029296875
ckpt.pt,1000,1,40,0.674346923828125
ckpt.pt,1000,1,41,0.333251953125
ckpt.pt,1000,1,42,0.68255615234375
ckpt.pt,1000,1,43,0.297760009765625
ckpt.pt,1000,1,44,0.5885009765625
ckpt.pt,1000,1,45,0.19305419921875
ckpt.pt,1000,1,46,0.20733642578125
ckpt.pt,1000,1,47,0.183074951171875
ckpt.pt,1000,1,48,0.187164306640625
ckpt.pt,1000,1,49,0.921630859375
ckpt.pt,1000,1,50,0.169708251953125
ckpt.pt,1000,1,51,0.347412109375
ckpt.pt,1000,1,52,0.520477294921875
ckpt.pt,1000,1,53,0.590240478515625
ckpt.pt,1000,1,54,0.591888427734375
ckpt.pt,1000,1,55,0.703826904296875
ckpt.pt,1000,1,56,0.18316650390625
ckpt.pt,1000,1,57,0.654510498046875
ckpt.pt,1000,1,58,0.264251708984375
ckpt.pt,1000,1,59,0.40594482421875
ckpt.pt,1000,1,60,0.729705810546875
ckpt.pt,1000,1,61,0.111419677734375
ckpt.pt,1000,1,62,0.2181396484375
ckpt.pt,1000,1,63,0.20330810546875
ckpt.pt,1000,1,64,0.595672607421875
ckpt.pt,1000,1,65,0.553985595703125
ckpt.pt,1000,1,66,0.21209716796875
ckpt.pt,1000,1,67,0.55572509765625
ckpt.pt,1000,1,68,0.37506103515625
ckpt.pt,1000,1,69,0.30010986328125
ckpt.pt,1000,1,70,0.8482666015625
ckpt.pt,1000,1,71,0.135894775390625
ckpt.pt,1000,1,72,0.4647216796875
ckpt.pt,1000,1,73,0.66876220703125
ckpt.pt,1000,1,74,0.446319580078125
ckpt.pt,1000,1,75,0.295501708984375
ckpt.pt,1000,1,76,0.62347412109375
ckpt.pt,1000,1,77,0.1177978515625
ckpt.pt,1000,1,78,0.405548095703125
ckpt.pt,1000,1,79,0.3092041015625
ckpt.pt,1000,1,80,0.658416748046875
ckpt.pt,1000,1,81,0.20758056640625
ckpt.pt,1000,1,82,0.354461669921875
ckpt.pt,1000,1,83,0.5003662109375
ckpt.pt,1000,1,84,0.60968017578125
ckpt.pt,1000,1,85,0.79400634765625
ckpt.pt,1000,1,86,0.712615966796875
ckpt.pt,1000,1,87,0.849609375
ckpt.pt,1000,1,88,0.404083251953125
ckpt.pt,1000,1,89,0.619537353515625
ckpt.pt,1000,1,90,0.561309814453125
ckpt.pt,1000,1,91,0.4561767578125
ckpt.pt,1000,1,92,0.251678466796875
ckpt.pt,1000,1,93,0.916015625
ckpt.pt,1000,1,94,0.3714599609375
ckpt.pt,1000,1,95,0.182098388671875
ckpt.pt,1000,1,96,0.448760986328125
ckpt.pt,1000,1,97,0.240692138671875
ckpt.pt,1000,1,98,0.188323974609375
ckpt.pt,1000,1,99,0.38385009765625
ckpt.pt,1000,1,100,0.12322998046875
ckpt.pt,1000,1,101,0.66339111328125
ckpt.pt,1000,1,102,0.338409423828125
ckpt.pt,1000,1,103,0.208892822265625
ckpt.pt,1000,1,104,0.641815185546875
ckpt.pt,1000,1,105,0.297210693359375
ckpt.pt,1000,1,106,0.12640380859375
ckpt.pt,1000,1,107,0.545379638671875
ckpt.pt,1000,1,108,0.300384521484375
ckpt.pt,1000,1,109,0.21392822265625
ckpt.pt,1000,1,110,0.63323974609375
ckpt.pt,1000,1,111,0.8216552734375
ckpt.pt,1000,1,112,0.510162353515625
ckpt.pt,1000,1,113,0.230255126953125
ckpt.pt,1000,1,114,0.70294189453125
ckpt.pt,1000,1,115,0.39630126953125
ckpt.pt,1000,1,116,0.783966064453125
ckpt.pt,1000,1,117,0.518280029296875
ckpt.pt,1000,1,118,0.05206298828125
ckpt.pt,1000,1,119,0.355987548828125
ckpt.pt,1000,1,120,0.3289794921875
ckpt.pt,1000,1,121,0.61798095703125
ckpt.pt,1000,1,122,0.884002685546875
ckpt.pt,1000,1,123,0.343505859375
ckpt.pt,1000,1,124,0.254974365234375
ckpt.pt,1000,1,125,0.23150634765625
ckpt.pt,1000,1,126,0.444061279296875
ckpt.pt,1000,1,127,0.53985595703125
ckpt.pt,1000,1,128,0.35235595703125
ckpt.pt,1000,1,129,0.880279541015625
ckpt.pt,1000,1,130,0.25360107421875
ckpt.pt,1000,1,131,0.759429931640625
ckpt.pt,1000,1,132,0.29351806640625
ckpt.pt,1000,1,133,0.4691162109375
ckpt.pt,1000,1,134,0.68328857421875
ckpt.pt,1000,1,135,0.126953125
ckpt.pt,1000,1,136,0.181182861328125
ckpt.pt,1000,1,137,0.4178466796875
ckpt.pt,1000,1,138,0.8992919921875
ckpt.pt,1000,1,139,0.4248046875
ckpt.pt,1000,1,140,0.4852294921875
ckpt.pt,1000,1,141,0.620208740234375
ckpt.pt,1000,1,142,0.132415771484375
ckpt.pt,1000,1,143,0.270660400390625
ckpt.pt,1000,1,144,0.316131591796875
ckpt.pt,1000,1,145,0.75616455078125
ckpt.pt,1000,1,146,0.369903564453125
ckpt.pt,1000,1,147,0.073394775390625
ckpt.pt,1000,1,148,0.22125244140625
ckpt.pt,1000,1,149,0.38623046875
ckpt.pt,1000,1,150,0.196014404296875
ckpt.pt,1000,1,151,0.129302978515625
ckpt.pt,1000,1,152,0.1925048828125
ckpt.pt,1000,1,153,0.129150390625
ckpt.pt,1000,1,154,0.310821533203125
ckpt.pt,1000,1,155,0.647125244140625
ckpt.pt,1000,1,156,0.12420654296875
ckpt.pt,1000,1,157,0.459136962890625
ckpt.pt,1000,1,158,0.475433349609375
ckpt.pt,1000,1,159,0.479217529296875
ckpt.pt,1000,1,160,0.8082275390625
ckpt.pt,1000,1,161,0.52288818359375
ckpt.pt,1000,1,162,0.296966552734375
ckpt.pt,1000,1,163,0.424591064453125
ckpt.pt,1000,1,164,0.090423583984375
ckpt.pt,1000,1,165,0.615264892578125
ckpt.pt,1000,1,166,0.1944580078125
ckpt.pt,1000,1,167,0.52130126953125
ckpt.pt,1000,1,168,0.258880615234375
ckpt.pt,1000,1,169,0.30010986328125
ckpt.pt,1000,1,170,0.479583740234375
ckpt.pt,1000,1,171,0.621429443359375
ckpt.pt,1000,1,172,0.141510009765625
ckpt.pt,1000,1,173,0.846710205078125
ckpt.pt,1000,1,174,0.7177734375
ckpt.pt,1000,1,175,0.700531005859375
ckpt.pt,1000,1,176,0.6129150390625
ckpt.pt,1000,1,177,0.0849609375
ckpt.pt,1000,1,178,0.32476806640625
ckpt.pt,1000,1,179,0.584869384765625
ckpt.pt,1000,1,180,0.48016357421875
ckpt.pt,1000,1,181,0.796234130859375
ckpt.pt,1000,1,182,0.7933349609375
ckpt.pt,1000,1,183,0.796417236328125
ckpt.pt,1000,1,184,0.2291259765625
ckpt.pt,1000,1,185,0.29864501953125
ckpt.pt,1000,1,186,0.59814453125
ckpt.pt,1000,1,187,0.669952392578125
ckpt.pt,1000,1,188,0.744873046875
ckpt.pt,1000,1,189,0.1978759765625
ckpt.pt,1000,1,190,0.502227783203125
ckpt.pt,1000,1,191,0.39544677734375
ckpt.pt,1000,1,192,0.228302001953125
ckpt.pt,1000,1,193,0.561767578125
ckpt.pt,1000,1,194,0.634979248046875
ckpt.pt,1000,1,195,0.72265625
ckpt.pt,1000,1,196,0.54638671875
ckpt.pt,1000,1,197,0.69354248046875
ckpt.pt,1000,1,198,0.79278564453125
ckpt.pt,1000,1,199,0.468475341796875
ckpt.pt,1000,1,200,0.216888427734375
ckpt.pt,1000,1,201,0.278228759765625
ckpt.pt,1000,1,202,0.13525390625
ckpt.pt,1000,1,203,0.2957763671875
ckpt.pt,1000,1,204,0.229644775390625
ckpt.pt,1000,1,205,0.11248779296875
ckpt.pt,1000,1,206,0.13031005859375
ckpt.pt,1000,1,207,0.29071044921875
ckpt.pt,1000,1,208,0.678131103515625
ckpt.pt,1000,1,209,0.09423828125
ckpt.pt,1000,1,210,0.158111572265625
ckpt.pt,1000,1,211,0.311279296875
ckpt.pt,1000,1,212,0.2415771484375
ckpt.pt,1000,1,213,0.63134765625
ckpt.pt,1000,1,214,0.21539306640625
ckpt.pt,1000,1,215,0.46734619140625
ckpt.pt,1000,1,216,0.487396240234375
ckpt.pt,1000,1,217,0.452667236328125
ckpt.pt,1000,1,218,0.5224609375
ckpt.pt,1000,1,219,0.05316162109375
ckpt.pt,1000,1,220,0.768035888671875
ckpt.pt,1000,1,221,0.27655029296875
ckpt.pt,1000,1,222,0.200439453125
ckpt.pt,1000,1,223,0.819488525390625
ckpt.pt,1000,1,224,0.757537841796875
ckpt.pt,1000,1,225,0.418365478515625
ckpt.pt,1000,1,226,0.35260009765625
ckpt.pt,1000,1,227,0.035675048828125
ckpt.pt,1000,1,228,0.303955078125
ckpt.pt,1000,1,229,0.49169921875
ckpt.pt,1000,1,230,0.79205322265625
ckpt.pt,1000,1,231,0.926605224609375
ckpt.pt,1000,1,232,0.183349609375
ckpt.pt,1000,1,233,0.1427001953125
ckpt.pt,1000,1,234,0.677581787109375
ckpt.pt,1000,1,235,0.7091064453125
ckpt.pt,1000,1,236,0.14385986328125
ckpt.pt,1000,1,237,0.8092041015625
ckpt.pt,1000,1,238,0.774444580078125
ckpt.pt,1000,1,239,0.273956298828125
ckpt.pt,1000,1,240,0.264495849609375
ckpt.pt,1000,1,241,0.557403564453125
ckpt.pt,1000,1,242,0.24884033203125
ckpt.pt,1000,1,243,0.489593505859375
ckpt.pt,1000,1,244,0.18438720703125
ckpt.pt,1000,1,245,0.24493408203125
ckpt.pt,1000,1,246,0.65380859375
ckpt.pt,1000,1,247,0.297149658203125
ckpt.pt,1000,1,248,0.601470947265625
ckpt.pt,1000,1,249,0.556793212890625
ckpt.pt,1000,1,250,0.759185791015625
ckpt.pt,1000,1,251,0.73919677734375
ckpt.pt,1000,1,252,0.681976318359375
ckpt.pt,1000,1,253,0.18402099609375
ckpt.pt,1000,1,254,0.831268310546875
ckpt.pt,1000,1,255,0.590911865234375
ckpt.pt,1000,1,256,0.281402587890625
ckpt.pt,1000,1,257,0.468231201171875
ckpt.pt,1000,1,258,0.266082763671875
ckpt.pt,1000,1,259,0.7222900390625
ckpt.pt,1000,1,260,0.035919189453125
ckpt.pt,1000,1,261,0.1326904296875
ckpt.pt,1000,1,262,0.667510986328125
ckpt.pt,1000,1,263,0.402862548828125
ckpt.pt,1000,1,264,0.25335693359375
ckpt.pt,1000,1,265,0.522613525390625
ckpt.pt,1000,1,266,0.149383544921875
ckpt.pt,1000,1,267,0.81329345703125
ckpt.pt,1000,1,268,0.452789306640625
ckpt.pt,1000,1,269,0.50262451171875
ckpt.pt,1000,1,270,0.41558837890625
ckpt.pt,1000,1,271,0.666259765625
ckpt.pt,1000,1,272,0.3253173828125
ckpt.pt,1000,1,273,0.306671142578125
ckpt.pt,1000,1,274,0.33868408203125
ckpt.pt,1000,1,275,0.91961669921875
ckpt.pt,1000,1,276,0.759979248046875
ckpt.pt,1000,1,277,0.764862060546875
ckpt.pt,1000,1,278,0.663116455078125
ckpt.pt,1000,1,279,0.67547607421875
ckpt.pt,1000,1,280,0.34429931640625
ckpt.pt,1000,1,281,0.589141845703125
ckpt.pt,1000,1,282,0.35394287109375
ckpt.pt,1000,1,283,0.738739013671875
ckpt.pt,1000,1,284,0.127105712890625
ckpt.pt,1000,1,285,0.443389892578125
ckpt.pt,1000,1,286,0.053619384765625
ckpt.pt,1000,1,287,0.2169189453125
ckpt.pt,1000,1,288,0.543670654296875
ckpt.pt,1000,1,289,0.14849853515625
ckpt.pt,1000,1,290,0.29052734375
ckpt.pt,1000,1,291,0.11956787109375
ckpt.pt,1000,1,292,0.592193603515625
ckpt.pt,1000,1,293,0.870513916015625
ckpt.pt,1000,1,294,0.3592529296875
ckpt.pt,1000,1,295,0.20294189453125
ckpt.pt,1000,1,296,0.37286376953125
ckpt.pt,1000,1,297,0.241485595703125
ckpt.pt,1000,1,298,0.057708740234375
ckpt.pt,1000,1,299,0.59033203125
ckpt.pt,1000,1,300,0.39886474609375
ckpt.pt,1000,1,301,0.5087890625
ckpt.pt,1000,1,302,0.818206787109375
ckpt.pt,1000,1,303,0.661773681640625
ckpt.pt,1000,1,304,0.493438720703125
ckpt.pt,1000,1,305,0.118194580078125
ckpt.pt,1000,1,306,0.4951171875
ckpt.pt,1000,1,307,0.463653564453125
ckpt.pt,1000,1,308,0.15142822265625
ckpt.pt,1000,1,309,0.097808837890625
ckpt.pt,1000,1,310,0.285064697265625
ckpt.pt,1000,1,311,0.81683349609375
ckpt.pt,1000,1,312,0.173431396484375
ckpt.pt,1000,1,313,0.72979736328125
ckpt.pt,1000,1,314,0.34210205078125
ckpt.pt,1000,1,315,0.642974853515625
ckpt.pt,1000,1,316,0.283782958984375
ckpt.pt,1000,1,317,0.760894775390625
ckpt.pt,1000,1,318,0.8681640625
ckpt.pt,1000,1,319,0.326171875
ckpt.pt,1000,1,320,0.1627197265625
ckpt.pt,1000,1,321,0.124847412109375
ckpt.pt,1000,1,322,0.094207763671875
ckpt.pt,1000,1,323,0.115814208984375
ckpt.pt,1000,1,324,0.792510986328125
ckpt.pt,1000,1,325,0.544891357421875
ckpt.pt,1000,1,326,0.368438720703125
ckpt.pt,1000,1,327,0.6099853515625
ckpt.pt,1000,1,328,0.8597412109375
ckpt.pt,1000,1,329,0.189178466796875
ckpt.pt,1000,1,330,0.374908447265625
ckpt.pt,1000,1,331,0.370452880859375
ckpt.pt,1000,1,332,0.5712890625
ckpt.pt,1000,1,333,0.47308349609375
ckpt.pt,1000,1,334,0.465606689453125
ckpt.pt,1000,1,335,0.246124267578125
ckpt.pt,1000,1,336,0.1051025390625
ckpt.pt,1000,1,337,0.56231689453125
ckpt.pt,1000,1,338,0.281982421875
ckpt.pt,1000,1,339,0.379638671875
ckpt.pt,1000,1,340,0.813232421875
ckpt.pt,1000,1,341,0.2230224609375
ckpt.pt,1000,1,342,0.142974853515625
ckpt.pt,1000,1,343,0.1656494140625
ckpt.pt,1000,1,344,0.77203369140625
ckpt.pt,1000,1,345,0.39678955078125
ckpt.pt,1000,1,346,0.416259765625
ckpt.pt,1000,1,347,0.19219970703125
ckpt.pt,1000,1,348,0.345245361328125
ckpt.pt,1000,1,349,0.528045654296875
ckpt.pt,1000,1,350,0.62005615234375
ckpt.pt,1000,1,351,0.51641845703125
ckpt.pt,1000,1,352,0.281494140625
ckpt.pt,1000,1,353,0.661407470703125
ckpt.pt,1000,1,354,0.25982666015625
ckpt.pt,1000,1,355,0.73150634765625
ckpt.pt,1000,1,356,0.64068603515625
ckpt.pt,1000,1,357,0.303680419921875
ckpt.pt,1000,1,358,0.02569580078125
ckpt.pt,1000,1,359,0.38226318359375
ckpt.pt,1000,1,360,0.75286865234375
ckpt.pt,1000,1,361,0.82489013671875
ckpt.pt,1000,1,362,0.285003662109375
ckpt.pt,1000,1,363,0.419219970703125
ckpt.pt,1000,1,364,0.739349365234375
ckpt.pt,1000,1,365,0.8089599609375
ckpt.pt,1000,1,366,0.273284912109375
ckpt.pt,1000,1,367,0.644683837890625
ckpt.pt,1000,1,368,0.29705810546875
ckpt.pt,1000,1,369,0.870025634765625
ckpt.pt,1000,1,370,0.221649169921875
ckpt.pt,1000,1,371,0.09088134765625
ckpt.pt,1000,1,372,0.2874755859375
ckpt.pt,1000,1,373,0.143524169921875
ckpt.pt,1000,1,374,0.72283935546875
ckpt.pt,1000,1,375,0.2998046875
ckpt.pt,1000,1,376,0.4405517578125
ckpt.pt,1000,1,377,0.64312744140625
ckpt.pt,1000,1,378,0.4322509765625
ckpt.pt,1000,1,379,0.702239990234375
ckpt.pt,1000,1,380,0.460479736328125
ckpt.pt,1000,1,381,0.062164306640625
ckpt.pt,1000,1,382,0.462860107421875
ckpt.pt,1000,1,383,0.788421630859375
ckpt.pt,1000,1,384,0.45697021484375
ckpt.pt,1000,1,385,0.328094482421875
ckpt.pt,1000,1,386,0.745941162109375
ckpt.pt,1000,1,387,0.701904296875
ckpt.pt,1000,1,388,0.17132568359375
ckpt.pt,1000,1,389,0.27685546875
ckpt.pt,1000,1,390,0.4996337890625
ckpt.pt,1000,1,391,0.747222900390625
ckpt.pt,1000,1,392,0.720672607421875
ckpt.pt,1000,1,393,0.159454345703125
ckpt.pt,1000,1,394,0.355010986328125
ckpt.pt,1000,1,395,0.83038330078125
ckpt.pt,1000,1,396,0.13885498046875
ckpt.pt,1000,1,397,0.606658935546875
ckpt.pt,1000,1,398,0.2474365234375
ckpt.pt,1000,1,399,0.398956298828125
ckpt.pt,1000,1,400,0.322662353515625
ckpt.pt,1000,1,401,0.288726806640625
ckpt.pt,1000,1,402,0.325347900390625
ckpt.pt,1000,1,403,0.48419189453125
ckpt.pt,1000,1,404,0.503692626953125
ckpt.pt,1000,1,405,0.07861328125
ckpt.pt,1000,1,406,0.282562255859375
ckpt.pt,1000,1,407,0.18975830078125
ckpt.pt,1000,1,408,0.158905029296875
ckpt.pt,1000,1,409,0.660125732421875
ckpt.pt,1000,1,410,0.586639404296875
ckpt.pt,1000,1,411,0.3720703125
ckpt.pt,1000,1,412,0.371124267578125
ckpt.pt,1000,1,413,0.03131103515625
ckpt.pt,1000,1,414,0.21002197265625
ckpt.pt,1000,1,415,0.186981201171875
ckpt.pt,1000,1,416,0.8095703125
ckpt.pt,1000,1,417,0.1212158203125
ckpt.pt,1000,1,418,0.56866455078125
ckpt.pt,1000,1,419,0.34014892578125
ckpt.pt,1000,1,420,0.2213134765625
ckpt.pt,1000,1,421,0.20684814453125
ckpt.pt,1000,1,422,0.5625
ckpt.pt,1000,1,423,0.189483642578125
ckpt.pt,1000,1,424,0.38916015625
ckpt.pt,1000,1,425,0.153564453125
ckpt.pt,1000,1,426,0.407318115234375
ckpt.pt,1000,1,427,0.16082763671875
ckpt.pt,1000,1,428,0.59393310546875
ckpt.pt,1000,1,429,0.1754150390625
ckpt.pt,1000,1,430,0.464935302734375
ckpt.pt,1000,1,431,0.3968505859375
ckpt.pt,1000,1,432,0.451385498046875
ckpt.pt,1000,1,433,0.18658447265625
ckpt.pt,1000,1,434,0.733123779296875
ckpt.pt,1000,1,435,0.4464111328125
ckpt.pt,1000,1,436,0.423431396484375
ckpt.pt,1000,1,437,0.30950927734375
ckpt.pt,1000,1,438,0.23193359375
ckpt.pt,1000,1,439,0.11114501953125
ckpt.pt,1000,1,440,0.623565673828125
ckpt.pt,1000,1,441,0.309814453125
ckpt.pt,1000,1,442,0.830352783203125
ckpt.pt,1000,1,443,0.266357421875
ckpt.pt,1000,1,444,0.692840576171875
ckpt.pt,1000,1,445,0.6134033203125
ckpt.pt,1000,1,446,0.707305908203125
ckpt.pt,1000,1,447,0.486236572265625
ckpt.pt,1000,1,448,0.750091552734375
ckpt.pt,1000,1,449,0.792877197265625
ckpt.pt,1000,1,450,0.180694580078125
ckpt.pt,1000,1,451,0.434722900390625
ckpt.pt,1000,1,452,0.822418212890625
ckpt.pt,1000,1,453,0.149078369140625
ckpt.pt,1000,1,454,0.487335205078125
ckpt.pt,1000,1,455,0.045928955078125
ckpt.pt,1000,1,456,0.22650146484375
ckpt.pt,1000,1,457,0.529144287109375
ckpt.pt,1000,1,458,0.575775146484375
ckpt.pt,1000,1,459,0.435516357421875
ckpt.pt,1000,1,460,0.246551513671875
ckpt.pt,1000,1,461,0.285064697265625
ckpt.pt,1000,1,462,0.28790283203125
ckpt.pt,1000,1,463,0.223541259765625
ckpt.pt,1000,1,464,0.644927978515625
ckpt.pt,1000,1,465,0.600921630859375
ckpt.pt,1000,1,466,0.200927734375
ckpt.pt,1000,1,467,0.530853271484375
ckpt.pt,1000,1,468,0.536529541015625
ckpt.pt,1000,1,469,0.053466796875
ckpt.pt,1000,1,470,0.299957275390625
ckpt.pt,1000,1,471,0.477874755859375
ckpt.pt,1000,1,472,0.325958251953125
ckpt.pt,1000,1,473,0.805023193359375
ckpt.pt,1000,1,474,0.71551513671875
ckpt.pt,1000,1,475,0.215606689453125
ckpt.pt,1000,1,476,0.180877685546875
ckpt.pt,1000,1,477,0.848419189453125
ckpt.pt,1000,1,478,0.030364990234375
ckpt.pt,1000,1,479,0.452239990234375
ckpt.pt,1000,1,480,0.748291015625
ckpt.pt,1000,1,481,0.48992919921875
ckpt.pt,1000,1,482,0.509674072265625
ckpt.pt,1000,1,483,0.57891845703125
ckpt.pt,1000,1,484,0.69012451171875
ckpt.pt,1000,1,485,0.416229248046875
ckpt.pt,1000,1,486,0.612152099609375
ckpt.pt,1000,1,487,0.580596923828125
ckpt.pt,1000,1,488,0.14886474609375
ckpt.pt,1000,1,489,0.08135986328125
ckpt.pt,1000,1,490,0.128265380859375
ckpt.pt,1000,1,491,0.8267822265625
ckpt.pt,1000,1,492,0.0450439453125
ckpt.pt,1000,1,493,0.226898193359375
ckpt.pt,1000,1,494,0.319732666015625
ckpt.pt,1000,1,495,0.462890625
ckpt.pt,1000,1,496,0.51611328125
ckpt.pt,1000,1,497,0.297149658203125
ckpt.pt,1000,1,498,0.657073974609375
ckpt.pt,1000,1,499,0.2493896484375
ckpt.pt,1000,1,500,0.554290771484375
ckpt.pt,1000,1,501,0.116973876953125
ckpt.pt,1000,1,502,0.30853271484375
ckpt.pt,1000,1,503,0.21612548828125
ckpt.pt,1000,1,504,0.3165283203125
ckpt.pt,1000,1,505,0.381103515625
ckpt.pt,1000,1,506,0.4412841796875
ckpt.pt,1000,1,507,0.5030517578125
ckpt.pt,1000,1,508,0.461822509765625
ckpt.pt,1000,1,509,0.30462646484375
ckpt.pt,1000,1,510,0.25982666015625
ckpt.pt,1000,1,511,0.794891357421875
ckpt.pt,1000,2,0,0.521209716796875
ckpt.pt,1000,2,1,0.480194091796875
ckpt.pt,1000,2,2,0.326873779296875
ckpt.pt,1000,2,3,0.112213134765625
ckpt.pt,1000,2,4,0.15753173828125
ckpt.pt,1000,2,5,0.059906005859375
ckpt.pt,1000,2,6,0.023193359375
ckpt.pt,1000,2,7,0.160003662109375
ckpt.pt,1000,2,8,0.017333984375
ckpt.pt,1000,2,9,0.096832275390625
ckpt.pt,1000,2,10,0.106048583984375
ckpt.pt,1000,2,11,0.399993896484375
ckpt.pt,1000,2,12,0.079254150390625
ckpt.pt,1000,2,13,0.09429931640625
ckpt.pt,1000,2,14,0.30047607421875
ckpt.pt,1000,2,15,0.786468505859375
ckpt.pt,1000,2,16,0.1219482421875
ckpt.pt,1000,2,17,0.010894775390625
ckpt.pt,1000,2,18,0.418914794921875
ckpt.pt,1000,2,19,0.26800537109375
ckpt.pt,1000,2,20,0.115814208984375
ckpt.pt,1000,2,21,0.15606689453125
ckpt.pt,1000,2,22,0.3719482421875
ckpt.pt,1000,2,23,0.327301025390625
ckpt.pt,1000,2,24,0.299285888671875
ckpt.pt,1000,2,25,0.212005615234375
ckpt.pt,1000,2,26,0.03271484375
ckpt.pt,1000,2,27,0.311767578125
ckpt.pt,1000,2,28,0.16314697265625
ckpt.pt,1000,2,29,0.24237060546875
ckpt.pt,1000,2,30,0.58624267578125
ckpt.pt,1000,2,31,0.24957275390625
ckpt.pt,1000,2,32,0.63543701171875
ckpt.pt,1000,2,33,0.307464599609375
ckpt.pt,1000,2,34,0.25531005859375
ckpt.pt,1000,2,35,0.264556884765625
ckpt.pt,1000,2,36,0.57513427734375
ckpt.pt,1000,2,37,0.14288330078125
ckpt.pt,1000,2,38,0.664031982421875
ckpt.pt,1000,2,39,0.0120849609375
ckpt.pt,1000,2,40,0.54278564453125
ckpt.pt,1000,2,41,0.006561279296875
ckpt.pt,1000,2,42,0.1800537109375
ckpt.pt,1000,2,43,0.154388427734375
ckpt.pt,1000,2,44,0.4947509765625
ckpt.pt,1000,2,45,0.057037353515625
ckpt.pt,1000,2,46,0.275482177734375
ckpt.pt,1000,2,47,0.4930419921875
ckpt.pt,1000,2,48,0.075164794921875
ckpt.pt,1000,2,49,0.01513671875
ckpt.pt,1000,2,50,0.107177734375
ckpt.pt,1000,2,51,0.34686279296875
ckpt.pt,1000,2,52,0.26361083984375
ckpt.pt,1000,2,53,0.255645751953125
ckpt.pt,1000,2,54,0.169891357421875
ckpt.pt,1000,2,55,0.595855712890625
ckpt.pt,1000,2,56,0.061767578125
ckpt.pt,1000,2,57,0.2813720703125
ckpt.pt,1000,2,58,0.02362060546875
ckpt.pt,1000,2,59,0.086334228515625
ckpt.pt,1000,2,60,0.778656005859375
ckpt.pt,1000,2,61,0.093414306640625
ckpt.pt,1000,2,62,0.585418701171875
ckpt.pt,1000,2,63,0.033050537109375
ckpt.pt,1000,2,64,0.406585693359375
ckpt.pt,1000,2,65,0.503509521484375
ckpt.pt,1000,2,66,0.571197509765625
ckpt.pt,1000,2,67,0.056182861328125
ckpt.pt,1000,2,68,0.283111572265625
ckpt.pt,1000,2,69,0.0704345703125
ckpt.pt,1000,2,70,0.722625732421875
ckpt.pt,1000,2,71,0.121612548828125
ckpt.pt,1000,2,72,0.318359375
ckpt.pt,1000,2,73,0.648956298828125
ckpt.pt,1000,2,74,0.241485595703125
ckpt.pt,1000,2,75,0.574371337890625
ckpt.pt,1000,2,76,0.20892333984375
ckpt.pt,1000,2,77,0.113983154296875
ckpt.pt,1000,2,78,0.03631591796875
ckpt.pt,1000,2,79,0.1649169921875
ckpt.pt,1000,2,80,0.3414306640625
ckpt.pt,1000,2,81,0.474822998046875
ckpt.pt,1000,2,82,0.292816162109375
ckpt.pt,1000,2,83,0.13812255859375
ckpt.pt,1000,2,84,0.491424560546875
ckpt.pt,1000,2,85,0.798675537109375
ckpt.pt,1000,2,86,0.880340576171875
ckpt.pt,1000,2,87,0.648284912109375
ckpt.pt,1000,2,88,0.17535400390625
ckpt.pt,1000,2,89,0.19580078125
ckpt.pt,1000,2,90,0.064666748046875
ckpt.pt,1000,2,91,0.359222412109375
ckpt.pt,1000,2,92,0.67034912109375
ckpt.pt,1000,2,93,0.23638916015625
ckpt.pt,1000,2,94,0.545654296875
ckpt.pt,1000,2,95,0.123321533203125
ckpt.pt,1000,2,96,0.222198486328125
ckpt.pt,1000,2,97,0.532806396484375
ckpt.pt,1000,2,98,0.010467529296875
ckpt.pt,1000,2,99,0.777618408203125
ckpt.pt,1000,2,100,0.316802978515625
ckpt.pt,1000,2,101,0.217010498046875
ckpt.pt,1000,2,102,0.007049560546875
ckpt.pt,1000,2,103,0.307342529296875
ckpt.pt,1000,2,104,0.530670166015625
ckpt.pt,1000,2,105,0.04937744140625
ckpt.pt,1000,2,106,0.001953125
ckpt.pt,1000,2,107,0.3104248046875
ckpt.pt,1000,2,108,0.020538330078125
ckpt.pt,1000,2,109,0.358184814453125
ckpt.pt,1000,2,110,0.280120849609375
ckpt.pt,1000,2,111,0.126190185546875
ckpt.pt,1000,2,112,0.3638916015625
ckpt.pt,1000,2,113,0.152740478515625
ckpt.pt,1000,2,114,0.143463134765625
ckpt.pt,1000,2,115,0.26800537109375
ckpt.pt,1000,2,116,0.3973388671875
ckpt.pt,1000,2,117,0.380706787109375
ckpt.pt,1000,2,118,0.218170166015625
ckpt.pt,1000,2,119,0.621734619140625
ckpt.pt,1000,2,120,0.08148193359375
ckpt.pt,1000,2,121,0.574798583984375
ckpt.pt,1000,2,122,0.363555908203125
ckpt.pt,1000,2,123,0.397003173828125
ckpt.pt,1000,2,124,0.063873291015625
ckpt.pt,1000,2,125,0.180511474609375
ckpt.pt,1000,2,126,0.174102783203125
ckpt.pt,1000,2,127,0.658233642578125
ckpt.pt,1000,2,128,0.1387939453125
ckpt.pt,1000,2,129,0.15814208984375
ckpt.pt,1000,2,130,0.12567138671875
ckpt.pt,1000,2,131,0.273162841796875
ckpt.pt,1000,2,132,0.364959716796875
ckpt.pt,1000,2,133,0.081207275390625
ckpt.pt,1000,2,134,0.222076416015625
ckpt.pt,1000,2,135,0.120574951171875
ckpt.pt,1000,2,136,0.222076416015625
ckpt.pt,1000,2,137,0.675445556640625
ckpt.pt,1000,2,138,0.60906982421875
ckpt.pt,1000,2,139,0.10247802734375
ckpt.pt,1000,2,140,0.0499267578125
ckpt.pt,1000,2,141,0.50421142578125
ckpt.pt,1000,2,142,0.230560302734375
ckpt.pt,1000,2,143,0.40789794921875
ckpt.pt,1000,2,144,0.855712890625
ckpt.pt,1000,2,145,0.177764892578125
ckpt.pt,1000,2,146,0.027313232421875
ckpt.pt,1000,2,147,0.28863525390625
ckpt.pt,1000,2,148,0.356964111328125
ckpt.pt,1000,2,149,0.3646240234375
ckpt.pt,1000,2,150,0.06768798828125
ckpt.pt,1000,2,151,0.532440185546875
ckpt.pt,1000,2,152,0.0911865234375
ckpt.pt,1000,2,153,0.146148681640625
ckpt.pt,1000,2,154,0.2347412109375
ckpt.pt,1000,2,155,0.378814697265625
ckpt.pt,1000,2,156,0.52117919921875
ckpt.pt,1000,2,157,0.114715576171875
ckpt.pt,1000,2,158,0.09088134765625
ckpt.pt,1000,2,159,0.378143310546875
ckpt.pt,1000,2,160,0.281829833984375
ckpt.pt,1000,2,161,0.18304443359375
ckpt.pt,1000,2,162,0.170196533203125
ckpt.pt,1000,2,163,0.18634033203125
ckpt.pt,1000,2,164,0.40673828125
ckpt.pt,1000,2,165,0.7454833984375
ckpt.pt,1000,2,166,0.12652587890625
ckpt.pt,1000,2,167,0.212371826171875
ckpt.pt,1000,2,168,0.38714599609375
ckpt.pt,1000,2,169,0.419921875
ckpt.pt,1000,2,170,0.175262451171875
ckpt.pt,1000,2,171,0.191925048828125
ckpt.pt,1000,2,172,0.40545654296875
ckpt.pt,1000,2,173,0.125213623046875
ckpt.pt,1000,2,174,0.56170654296875
ckpt.pt,1000,2,175,0.61590576171875
ckpt.pt,1000,2,176,0.0079345703125
ckpt.pt,1000,2,177,0.470458984375
ckpt.pt,1000,2,178,0.510711669921875
ckpt.pt,1000,2,179,0.570037841796875
ckpt.pt,1000,2,180,0.047943115234375
ckpt.pt,1000,2,181,0.628387451171875
ckpt.pt,1000,2,182,0.3167724609375
ckpt.pt,1000,2,183,0.473052978515625
ckpt.pt,1000,2,184,0.0521240234375
ckpt.pt,1000,2,185,0.38751220703125
ckpt.pt,1000,2,186,0.30755615234375
ckpt.pt,1000,2,187,0.2811279296875
ckpt.pt,1000,2,188,0.06011962890625
ckpt.pt,1000,2,189,0.2108154296875
ckpt.pt,1000,2,190,0.094207763671875
ckpt.pt,1000,2,191,0.79498291015625
ckpt.pt,1000,2,192,0.219146728515625
ckpt.pt,1000,2,193,0.0838623046875
ckpt.pt,1000,2,194,0.3394775390625
ckpt.pt,1000,2,195,0.420623779296875
ckpt.pt,1000,2,196,0.28106689453125
ckpt.pt,1000,2,197,0.3529052734375
ckpt.pt,1000,2,198,0.409393310546875
ckpt.pt,1000,2,199,0.16180419921875
ckpt.pt,1000,2,200,0.059814453125
ckpt.pt,1000,2,201,0.207794189453125
ckpt.pt,1000,2,202,0.349334716796875
ckpt.pt,1000,2,203,0.44598388671875
ckpt.pt,1000,2,204,0.199676513671875
ckpt.pt,1000,2,205,0.072601318359375
ckpt.pt,1000,2,206,0.33258056640625
ckpt.pt,1000,2,207,0.341339111328125
ckpt.pt,1000,2,208,0.04779052734375
ckpt.pt,1000,2,209,0.42327880859375
ckpt.pt,1000,2,210,0.4486083984375
ckpt.pt,1000,2,211,0.1082763671875
ckpt.pt,1000,2,212,0.553863525390625
ckpt.pt,1000,2,213,0.234710693359375
ckpt.pt,1000,2,214,0.6002197265625
ckpt.pt,1000,2,215,0.179840087890625
ckpt.pt,1000,2,216,0.498779296875
ckpt.pt,1000,2,217,0.145721435546875
ckpt.pt,1000,2,218,0.42474365234375
ckpt.pt,1000,2,219,0.058013916015625
ckpt.pt,1000,2,220,0.2374267578125
ckpt.pt,1000,2,221,0.632965087890625
ckpt.pt,1000,2,222,0.572998046875
ckpt.pt,1000,2,223,0.115997314453125
ckpt.pt,1000,2,224,0.08770751953125
ckpt.pt,1000,2,225,0.271820068359375
ckpt.pt,1000,2,226,0.272796630859375
ckpt.pt,1000,2,227,0.307373046875
ckpt.pt,1000,2,228,0.12371826171875
ckpt.pt,1000,2,229,0.163543701171875
ckpt.pt,1000,2,230,0.071685791015625
ckpt.pt,1000,2,231,0.080841064453125
ckpt.pt,1000,2,232,0.14666748046875
ckpt.pt,1000,2,233,0.466156005859375
ckpt.pt,1000,2,234,0.267669677734375
ckpt.pt,1000,2,235,0.316192626953125
ckpt.pt,1000,2,236,0.250244140625
ckpt.pt,1000,2,237,0.60101318359375
ckpt.pt,1000,2,238,0.22235107421875
ckpt.pt,1000,2,239,0.1435546875
ckpt.pt,1000,2,240,0.242279052734375
ckpt.pt,1000,2,241,0.174591064453125
ckpt.pt,1000,2,242,0.169189453125
ckpt.pt,1000,2,243,0.64617919921875
ckpt.pt,1000,2,244,0.14764404296875
ckpt.pt,1000,2,245,0.1251220703125
ckpt.pt,1000,2,246,0.36669921875
ckpt.pt,1000,2,247,0.330352783203125
ckpt.pt,1000,2,248,0.567901611328125
ckpt.pt,1000,2,249,0.588775634765625
ckpt.pt,1000,2,250,0.18145751953125
ckpt.pt,1000,2,251,0.4215087890625
ckpt.pt,1000,2,252,0.48785400390625
ckpt.pt,1000,2,253,0.2490234375
ckpt.pt,1000,2,254,0.4468994140625
ckpt.pt,1000,2,255,0.66583251953125
ckpt.pt,1000,2,256,0.078216552734375
ckpt.pt,1000,2,257,0.105499267578125
ckpt.pt,1000,2,258,0.14593505859375
ckpt.pt,1000,2,259,0.20050048828125
ckpt.pt,1000,2,260,0.044830322265625
ckpt.pt,1000,2,261,0.57623291015625
ckpt.pt,1000,2,262,0.298370361328125
ckpt.pt,1000,2,263,0.194061279296875
ckpt.pt,1000,2,264,0.329498291015625
ckpt.pt,1000,2,265,0.197723388671875
ckpt.pt,1000,2,266,0.223663330078125
ckpt.pt,1000,2,267,0.40643310546875
ckpt.pt,1000,2,268,0.226287841796875
ckpt.pt,1000,2,269,0.000213623046875
ckpt.pt,1000,2,270,0.292724609375
ckpt.pt,1000,2,271,0.52777099609375
ckpt.pt,1000,2,272,0.814727783203125
ckpt.pt,1000,2,273,0.887420654296875
ckpt.pt,1000,2,274,0.26715087890625
ckpt.pt,1000,2,275,0.390533447265625
ckpt.pt,1000,2,276,0.634979248046875
ckpt.pt,1000,2,277,0.2896728515625
ckpt.pt,1000,2,278,0.251617431640625
ckpt.pt,1000,2,279,0.072174072265625
ckpt.pt,1000,2,280,0.246002197265625
ckpt.pt,1000,2,281,0.324310302734375
ckpt.pt,1000,2,282,0.22503662109375
ckpt.pt,1000,2,283,0.238037109375
ckpt.pt,1000,2,284,0.30401611328125
ckpt.pt,1000,2,285,0.6326904296875
ckpt.pt,1000,2,286,0.247711181640625
ckpt.pt,1000,2,287,0.69244384765625
ckpt.pt,1000,2,288,0.0943603515625
ckpt.pt,1000,2,289,0.52972412109375
ckpt.pt,1000,2,290,0.192474365234375
ckpt.pt,1000,2,291,0.22589111328125
ckpt.pt,1000,2,292,0.055908203125
ckpt.pt,1000,2,293,0.0556640625
ckpt.pt,1000,2,294,0.211212158203125
ckpt.pt,1000,2,295,0.79644775390625
ckpt.pt,1000,2,296,0.374725341796875
ckpt.pt,1000,2,297,0.200347900390625
ckpt.pt,1000,2,298,0.4779052734375
ckpt.pt,1000,2,299,0.1090087890625
ckpt.pt,1000,2,300,0.615692138671875
ckpt.pt,1000,2,301,0.2305908203125
ckpt.pt,1000,2,302,0.232421875
ckpt.pt,1000,2,303,0.1754150390625
ckpt.pt,1000,2,304,0.8917236328125
ckpt.pt,1000,2,305,0.087310791015625
ckpt.pt,1000,2,306,0.111785888671875
ckpt.pt,1000,2,307,0.78076171875
ckpt.pt,1000,2,308,0.222320556640625
ckpt.pt,1000,2,309,0.123870849609375
ckpt.pt,1000,2,310,0.134490966796875
ckpt.pt,1000,2,311,0.807159423828125
ckpt.pt,1000,2,312,0.121917724609375
ckpt.pt,1000,2,313,0.457550048828125
ckpt.pt,1000,2,314,0.26702880859375
ckpt.pt,1000,2,315,0.282257080078125
ckpt.pt,1000,2,316,0.342010498046875
ckpt.pt,1000,2,317,0.128936767578125
ckpt.pt,1000,2,318,0.421173095703125
ckpt.pt,1000,2,319,0.453521728515625
ckpt.pt,1000,2,320,0.60760498046875
ckpt.pt,1000,2,321,0.35601806640625
ckpt.pt,1000,2,322,0.247802734375
ckpt.pt,1000,2,323,0.65423583984375
ckpt.pt,1000,2,324,0.399322509765625
ckpt.pt,1000,2,325,0.516448974609375
ckpt.pt,1000,2,326,0.538665771484375
ckpt.pt,1000,2,327,0.007568359375
ckpt.pt,1000,2,328,0.367462158203125
ckpt.pt,1000,2,329,0.329132080078125
ckpt.pt,1000,2,330,0.67486572265625
ckpt.pt,1000,2,331,0.662384033203125
ckpt.pt,1000,2,332,0.343536376953125
ckpt.pt,1000,2,333,0.182373046875
ckpt.pt,1000,2,334,0.172637939453125
ckpt.pt,1000,2,335,0.5594482421875
ckpt.pt,1000,2,336,0.212158203125
ckpt.pt,1000,2,337,0.34539794921875
ckpt.pt,1000,2,338,0.16912841796875
ckpt.pt,1000,2,339,0.642059326171875
ckpt.pt,1000,2,340,0.72076416015625
ckpt.pt,1000,2,341,0.193511962890625
ckpt.pt,1000,2,342,0.733734130859375
ckpt.pt,1000,2,343,0.000335693359375
ckpt.pt,1000,2,344,0.365081787109375
ckpt.pt,1000,2,345,0.48138427734375
ckpt.pt,1000,2,346,0.30694580078125
ckpt.pt,1000,2,347,0.443756103515625
ckpt.pt,1000,2,348,0.35382080078125
ckpt.pt,1000,2,349,0.6849365234375
ckpt.pt,1000,2,350,0.405548095703125
ckpt.pt,1000,2,351,0.48223876953125
ckpt.pt,1000,2,352,0.070037841796875
ckpt.pt,1000,2,353,0.2904052734375
ckpt.pt,1000,2,354,0.01971435546875
ckpt.pt,1000,2,355,0.438018798828125
ckpt.pt,1000,2,356,0.243316650390625
ckpt.pt,1000,2,357,0.526611328125
ckpt.pt,1000,2,358,0.4071044921875
ckpt.pt,1000,2,359,0.540374755859375
ckpt.pt,1000,2,360,0.104736328125
ckpt.pt,1000,2,361,0.902557373046875
ckpt.pt,1000,2,362,0.342620849609375
ckpt.pt,1000,2,363,0.29718017578125
ckpt.pt,1000,2,364,0.301666259765625
ckpt.pt,1000,2,365,0.452911376953125
ckpt.pt,1000,2,366,0.63299560546875
ckpt.pt,1000,2,367,0.8885498046875
ckpt.pt,1000,2,368,0.5166015625
ckpt.pt,1000,2,369,0.23468017578125
ckpt.pt,1000,2,370,0.343414306640625
ckpt.pt,1000,2,371,0.233489990234375
ckpt.pt,1000,2,372,0.2572021484375
ckpt.pt,1000,2,373,0.00152587890625
ckpt.pt,1000,2,374,0.400360107421875
ckpt.pt,1000,2,375,0.40008544921875
ckpt.pt,1000,2,376,0.00286865234375
ckpt.pt,1000,2,377,0.029083251953125
ckpt.pt,1000,2,378,0.277862548828125
ckpt.pt,1000,2,379,0.9371337890625
ckpt.pt,1000,2,380,0.023468017578125
ckpt.pt,1000,2,381,0.12164306640625
ckpt.pt,1000,2,382,0.6624755859375
ckpt.pt,1000,2,383,0.05059814453125
ckpt.pt,1000,2,384,0.109283447265625
ckpt.pt,1000,2,385,0.369842529296875
ckpt.pt,1000,2,386,0.14971923828125
ckpt.pt,1000,2,387,0.29827880859375
ckpt.pt,1000,2,388,0.123046875
ckpt.pt,1000,2,389,0.55999755859375
ckpt.pt,1000,2,390,0.254730224609375
ckpt.pt,1000,2,391,0.320343017578125
ckpt.pt,1000,2,392,0.0819091796875
ckpt.pt,1000,2,393,0.073699951171875
ckpt.pt,1000,2,394,0.167083740234375
ckpt.pt,1000,2,395,0.289154052734375
ckpt.pt,1000,2,396,0.050750732421875
ckpt.pt,1000,2,397,0.042266845703125
ckpt.pt,1000,2,398,0.497283935546875
ckpt.pt,1000,2,399,0.097686767578125
ckpt.pt,1000,2,400,0.353668212890625
ckpt.pt,1000,2,401,0.3851318359375
ckpt.pt,1000,2,402,0.07574462890625
ckpt.pt,1000,2,403,0.2840576171875
ckpt.pt,1000,2,404,0.22991943359375
ckpt.pt,1000,2,405,0.261627197265625
ckpt.pt,1000,2,406,0.00677490234375
ckpt.pt,1000,2,407,0.2354736328125
ckpt.pt,1000,2,408,0.09906005859375
ckpt.pt,1000,2,409,0.24237060546875
ckpt.pt,1000,2,410,0.317596435546875
ckpt.pt,1000,2,411,0.21990966796875
ckpt.pt,1000,2,412,0.12847900390625
ckpt.pt,1000,2,413,0.139862060546875
ckpt.pt,1000,2,414,0.77935791015625
ckpt.pt,1000,2,415,0.822418212890625
ckpt.pt,1000,2,416,0.424560546875
ckpt.pt,1000,2,417,0.09039306640625
ckpt.pt,1000,2,418,0.137176513671875
ckpt.pt,1000,2,419,0.201202392578125
ckpt.pt,1000,2,420,0.09112548828125
ckpt.pt,1000,2,421,0.086181640625
ckpt.pt,1000,2,422,0.256622314453125
ckpt.pt,1000,2,423,0.543212890625
ckpt.pt,1000,2,424,0.470001220703125
ckpt.pt,1000,2,425,0.773895263671875
ckpt.pt,1000,2,426,0.284698486328125
ckpt.pt,1000,2,427,0.552093505859375
ckpt.pt,1000,2,428,0.024932861328125
ckpt.pt,1000,2,429,0.140472412109375
ckpt.pt,1000,2,430,0.08331298828125
ckpt.pt,1000,2,431,0.363037109375
ckpt.pt,1000,2,432,0.11041259765625
ckpt.pt,1000,2,433,0.3421630859375
ckpt.pt,1000,2,434,0.4287109375
ckpt.pt,1000,2,435,0.22686767578125
ckpt.pt,1000,2,436,0.34124755859375
ckpt.pt,1000,2,437,0.257568359375
ckpt.pt,1000,2,438,0.765533447265625
ckpt.pt,1000,2,439,0.426666259765625
ckpt.pt,1000,2,440,0.009674072265625
ckpt.pt,1000,2,441,0.032958984375
ckpt.pt,1000,2,442,0.34136962890625
ckpt.pt,1000,2,443,0.0762939453125
ckpt.pt,1000,2,444,0.442626953125
ckpt.pt,1000,2,445,0.10687255859375
ckpt.pt,1000,2,446,0.694488525390625
ckpt.pt,1000,2,447,0.0281982421875
ckpt.pt,1000,2,448,0.82952880859375
ckpt.pt,1000,2,449,0.089630126953125
ckpt.pt,1000,2,450,0.65643310546875
ckpt.pt,1000,2,451,0.500823974609375
ckpt.pt,1000,2,452,0.10882568359375
ckpt.pt,1000,2,453,0.41650390625
ckpt.pt,1000,2,454,0.173858642578125
ckpt.pt,1000,2,455,0.0704345703125
ckpt.pt,1000,2,456,0.396728515625
ckpt.pt,1000,2,457,0.397125244140625
ckpt.pt,1000,2,458,0.063232421875
ckpt.pt,1000,2,459,0.387664794921875
ckpt.pt,1000,2,460,0.9158935546875
ckpt.pt,1000,2,461,0.380859375
ckpt.pt,1000,2,462,0.123138427734375
ckpt.pt,1000,2,463,0.219818115234375
ckpt.pt,1000,2,464,0.179107666015625
ckpt.pt,1000,2,465,0.331878662109375
ckpt.pt,1000,2,466,0.52227783203125
ckpt.pt,1000,2,467,0.4976806640625
ckpt.pt,1000,2,468,0.021728515625
ckpt.pt,1000,2,469,0.56878662109375
ckpt.pt,1000,2,470,0.05926513671875
ckpt.pt,1000,2,471,0.18359375
ckpt.pt,1000,2,472,0.251495361328125
ckpt.pt,1000,2,473,0.038909912109375
ckpt.pt,1000,2,474,0.573974609375
ckpt.pt,1000,2,475,0.0692138671875
ckpt.pt,1000,2,476,0.08306884765625
ckpt.pt,1000,2,477,0.010223388671875
ckpt.pt,1000,2,478,0.278564453125
ckpt.pt,1000,2,479,0.457275390625
ckpt.pt,1000,2,480,0.283966064453125
ckpt.pt,1000,2,481,0.33575439453125
ckpt.pt,1000,2,482,0.7227783203125
ckpt.pt,1000,2,483,0.051544189453125
ckpt.pt,1000,2,484,0.200103759765625
ckpt.pt,1000,2,485,0.16229248046875
ckpt.pt,1000,2,486,0.442138671875
ckpt.pt,1000,2,487,0.625274658203125
ckpt.pt,1000,2,488,0.6978759765625
ckpt.pt,1000,2,489,0.18060302734375
ckpt.pt,1000,2,490,0.693023681640625
ckpt.pt,1000,2,491,0.195526123046875
ckpt.pt,1000,2,492,0.864471435546875
ckpt.pt,1000,2,493,0.646820068359375
ckpt.pt,1000,2,494,0.536712646484375
ckpt.pt,1000,2,495,0.031097412109375
ckpt.pt,1000,2,496,0.02166748046875
ckpt.pt,1000,2,497,0.09375
ckpt.pt,1000,2,498,0.53192138671875
ckpt.pt,1000,2,499,0.521636962890625
ckpt.pt,1000,2,500,0.37103271484375
ckpt.pt,1000,2,501,0.539154052734375
ckpt.pt,1000,2,502,0.72406005859375
ckpt.pt,1000,2,503,0.357635498046875
ckpt.pt,1000,2,504,0.45953369140625
ckpt.pt,1000,2,505,0.05718994140625
ckpt.pt,1000,2,506,0.10418701171875
ckpt.pt,1000,2,507,0.497039794921875
ckpt.pt,1000,2,508,0.254425048828125
ckpt.pt,1000,2,509,0.016571044921875
ckpt.pt,1000,2,510,0.17529296875
ckpt.pt,1000,2,511,0.51806640625
ckpt.pt,1000,3,0,0.097320556640625
ckpt.pt,1000,3,1,0.198089599609375
ckpt.pt,1000,3,2,0.05596923828125
ckpt.pt,1000,3,3,0.452850341796875
ckpt.pt,1000,3,4,0.535186767578125
ckpt.pt,1000,3,5,0.183685302734375
ckpt.pt,1000,3,6,0.59002685546875
ckpt.pt,1000,3,7,0.724609375
ckpt.pt,1000,3,8,0.711181640625
ckpt.pt,1000,3,9,0.457916259765625
ckpt.pt,1000,3,10,0.628753662109375
ckpt.pt,1000,3,11,0.2894287109375
ckpt.pt,1000,3,12,0.729736328125
ckpt.pt,1000,3,13,0.44952392578125
ckpt.pt,1000,3,14,0.433074951171875
ckpt.pt,1000,3,15,0.286651611328125
ckpt.pt,1000,3,16,0.3173828125
ckpt.pt,1000,3,17,0.267303466796875
ckpt.pt,1000,3,18,0.190765380859375
ckpt.pt,1000,3,19,0.307037353515625
ckpt.pt,1000,3,20,0.2568359375
ckpt.pt,1000,3,21,0.42724609375
ckpt.pt,1000,3,22,0.55194091796875
ckpt.pt,1000,3,23,0.294891357421875
ckpt.pt,1000,3,24,0.294952392578125
ckpt.pt,1000,3,25,0.28326416015625
ckpt.pt,1000,3,26,0.5850830078125
ckpt.pt,1000,3,27,0.064788818359375
ckpt.pt,1000,3,28,0.67596435546875
ckpt.pt,1000,3,29,0.349395751953125
ckpt.pt,1000,3,30,0.58843994140625
ckpt.pt,1000,3,31,0.3955078125
ckpt.pt,1000,3,32,0.169952392578125
ckpt.pt,1000,3,33,0.212066650390625
ckpt.pt,1000,3,34,0.90411376953125
ckpt.pt,1000,3,35,0.148468017578125
ckpt.pt,1000,3,36,0.523193359375
ckpt.pt,1000,3,37,0.434844970703125
ckpt.pt,1000,3,38,0.20819091796875
ckpt.pt,1000,3,39,0.215057373046875
ckpt.pt,1000,3,40,0.354156494140625
ckpt.pt,1000,3,41,0.3250732421875
ckpt.pt,1000,3,42,0.492523193359375
ckpt.pt,1000,3,43,0.099334716796875
ckpt.pt,1000,3,44,0.031097412109375
ckpt.pt,1000,3,45,0.459869384765625
ckpt.pt,1000,3,46,0.1170654296875
ckpt.pt,1000,3,47,0.235870361328125
ckpt.pt,1000,3,48,0.11602783203125
ckpt.pt,1000,3,49,0.214447021484375
ckpt.pt,1000,3,50,0.3704833984375
ckpt.pt,1000,3,51,0.405670166015625
ckpt.pt,1000,3,52,0.281158447265625
ckpt.pt,1000,3,53,0.270904541015625
ckpt.pt,1000,3,54,0.124542236328125
ckpt.pt,1000,3,55,0.10491943359375
ckpt.pt,1000,3,56,0.655029296875
ckpt.pt,1000,3,57,0.10308837890625
ckpt.pt,1000,3,58,0.243255615234375
ckpt.pt,1000,3,59,0.17938232421875
ckpt.pt,1000,3,60,0.1331787109375
ckpt.pt,1000,3,61,0.3756103515625
ckpt.pt,1000,3,62,0.228546142578125
ckpt.pt,1000,3,63,0.186279296875
ckpt.pt,1000,3,64,0.67181396484375
ckpt.pt,1000,3,65,0.5477294921875
ckpt.pt,1000,3,66,0.231903076171875
ckpt.pt,1000,3,67,0.33905029296875
ckpt.pt,1000,3,68,0.288848876953125
ckpt.pt,1000,3,69,0.25396728515625
ckpt.pt,1000,3,70,0.50927734375
ckpt.pt,1000,3,71,0.45159912109375
ckpt.pt,1000,3,72,0.47784423828125
ckpt.pt,1000,3,73,0.154815673828125
ckpt.pt,1000,3,74,0.290557861328125
ckpt.pt,1000,3,75,0.481170654296875
ckpt.pt,1000,3,76,0.40777587890625
ckpt.pt,1000,3,77,0.40301513671875
ckpt.pt,1000,3,78,0.304351806640625
ckpt.pt,1000,3,79,0.408050537109375
ckpt.pt,1000,3,80,0.28436279296875
ckpt.pt,1000,3,81,0.241668701171875
ckpt.pt,1000,3,82,0.478240966796875
ckpt.pt,1000,3,83,0.166473388671875
ckpt.pt,1000,3,84,0.18927001953125
ckpt.pt,1000,3,85,0.071441650390625
ckpt.pt,1000,3,86,0.53839111328125
ckpt.pt,1000,3,87,0.4820556640625
ckpt.pt,1000,3,88,0.561920166015625
ckpt.pt,1000,3,89,0.674163818359375
ckpt.pt,1000,3,90,0.207794189453125
ckpt.pt,1000,3,91,0.582061767578125
ckpt.pt,1000,3,92,0.580902099609375
ckpt.pt,1000,3,93,0.128326416015625
ckpt.pt,1000,3,94,0.217376708984375
ckpt.pt,1000,3,95,0.426727294921875
ckpt.pt,1000,3,96,0.235260009765625
ckpt.pt,1000,3,97,0.060760498046875
ckpt.pt,1000,3,98,0.614013671875
ckpt.pt,1000,3,99,0.230255126953125
ckpt.pt,1000,3,100,0.625152587890625
ckpt.pt,1000,3,101,0.226409912109375
ckpt.pt,1000,3,102,0.3099365234375
ckpt.pt,1000,3,103,0.397003173828125
ckpt.pt,1000,3,104,0.662872314453125
ckpt.pt,1000,3,105,0.19110107421875
ckpt.pt,1000,3,106,0.232879638671875
ckpt.pt,1000,3,107,0.04345703125
ckpt.pt,1000,3,108,0.1041259765625
ckpt.pt,1000,3,109,0.249542236328125
ckpt.pt,1000,3,110,0.279876708984375
ckpt.pt,1000,3,111,0.4344482421875
ckpt.pt,1000,3,112,0.25396728515625
ckpt.pt,1000,3,113,0.1295166015625
ckpt.pt,1000,3,114,0.395599365234375
ckpt.pt,1000,3,115,0.1541748046875
ckpt.pt,1000,3,116,0.140045166015625
ckpt.pt,1000,3,117,0.686767578125
ckpt.pt,1000,3,118,0.451812744140625
ckpt.pt,1000,3,119,0.334686279296875
ckpt.pt,1000,3,120,0.526336669921875
ckpt.pt,1000,3,121,0.1739501953125
ckpt.pt,1000,3,122,0.1832275390625
ckpt.pt,1000,3,123,0.101226806640625
ckpt.pt,1000,3,124,0.181884765625
ckpt.pt,1000,3,125,0.0726318359375
ckpt.pt,1000,3,126,0.290679931640625
ckpt.pt,1000,3,127,0.18475341796875
ckpt.pt,1000,3,128,0.058258056640625
ckpt.pt,1000,3,129,0.561248779296875
ckpt.pt,1000,3,130,0.678680419921875
ckpt.pt,1000,3,131,0.203826904296875
ckpt.pt,1000,3,132,0.4825439453125
ckpt.pt,1000,3,133,0.189971923828125
ckpt.pt,1000,3,134,0.211151123046875
ckpt.pt,1000,3,135,0.518341064453125
ckpt.pt,1000,3,136,0.447906494140625
ckpt.pt,1000,3,137,0.09246826171875
ckpt.pt,1000,3,138,0.39306640625
ckpt.pt,1000,3,139,0.381988525390625
ckpt.pt,1000,3,140,0.28216552734375
ckpt.pt,1000,3,141,0.451904296875
ckpt.pt,1000,3,142,0.52740478515625
ckpt.pt,1000,3,143,0.590972900390625
ckpt.pt,1000,3,144,0.230712890625
ckpt.pt,1000,3,145,0.43017578125
ckpt.pt,1000,3,146,0.43634033203125
ckpt.pt,1000,3,147,0.299407958984375
ckpt.pt,1000,3,148,0.4876708984375
ckpt.pt,1000,3,149,0.329833984375
ckpt.pt,1000,3,150,0.336090087890625
ckpt.pt,1000,3,151,0.076507568359375
ckpt.pt,1000,3,152,0.41705322265625
ckpt.pt,1000,3,153,0.275970458984375
ckpt.pt,1000,3,154,0.0765380859375
ckpt.pt,1000,3,155,0.17694091796875
ckpt.pt,1000,3,156,0.071441650390625
ckpt.pt,1000,3,157,0.154388427734375
ckpt.pt,1000,3,158,0.47589111328125
ckpt.pt,1000,3,159,0.30804443359375
ckpt.pt,1000,3,160,0.193328857421875
ckpt.pt,1000,3,161,0.05010986328125
ckpt.pt,1000,3,162,0.22412109375
ckpt.pt,1000,3,163,0.649078369140625
ckpt.pt,1000,3,164,0.376068115234375
ckpt.pt,1000,3,165,0.57196044921875
ckpt.pt,1000,3,166,0.520660400390625
ckpt.pt,1000,3,167,0.2164306640625
ckpt.pt,1000,3,168,0.193145751953125
ckpt.pt,1000,3,169,0.808380126953125
ckpt.pt,1000,3,170,0.418212890625
ckpt.pt,1000,3,171,0.17596435546875
ckpt.pt,1000,3,172,0.2645263671875
ckpt.pt,1000,3,173,0.363800048828125
ckpt.pt,1000,3,174,0.4893798828125
ckpt.pt,1000,3,175,0.457550048828125
ckpt.pt,1000,3,176,0.3292236328125
ckpt.pt,1000,3,177,0.127716064453125
ckpt.pt,1000,3,178,0.35260009765625
ckpt.pt,1000,3,179,0.248260498046875
ckpt.pt,1000,3,180,0.53192138671875
ckpt.pt,1000,3,181,0.115997314453125
ckpt.pt,1000,3,182,0.21697998046875
ckpt.pt,1000,3,183,0.72760009765625
ckpt.pt,1000,3,184,0.118377685546875
ckpt.pt,1000,3,185,0.156951904296875
ckpt.pt,1000,3,186,0.479156494140625
ckpt.pt,1000,3,187,0.602630615234375
ckpt.pt,1000,3,188,0.207427978515625
ckpt.pt,1000,3,189,0.389251708984375
ckpt.pt,1000,3,190,0.18145751953125
ckpt.pt,1000,3,191,0.522979736328125
ckpt.pt,1000,3,192,0.30755615234375
ckpt.pt,1000,3,193,0.443084716796875
ckpt.pt,1000,3,194,0.20068359375
ckpt.pt,1000,3,195,0.14617919921875
ckpt.pt,1000,3,196,0.504150390625
ckpt.pt,1000,3,197,0.318023681640625
ckpt.pt,1000,3,198,0.2498779296875
ckpt.pt,1000,3,199,0.5323486328125
ckpt.pt,1000,3,200,0.15325927734375
ckpt.pt,1000,3,201,0.37615966796875
ckpt.pt,1000,3,202,0.114288330078125
ckpt.pt,1000,3,203,0.282989501953125
ckpt.pt,1000,3,204,0.247406005859375
ckpt.pt,1000,3,205,0.4599609375
ckpt.pt,1000,3,206,0.36859130859375
ckpt.pt,1000,3,207,0.32427978515625
ckpt.pt,1000,3,208,0.198516845703125
ckpt.pt,1000,3,209,0.27667236328125
ckpt.pt,1000,3,210,0.306427001953125
ckpt.pt,1000,3,211,0.62872314453125
ckpt.pt,1000,3,212,0.680419921875
ckpt.pt,1000,3,213,0.453643798828125
ckpt.pt,1000,3,214,0.2755126953125
ckpt.pt,1000,3,215,0.254364013671875
ckpt.pt,1000,3,216,0.08172607421875
ckpt.pt,1000,3,217,0.489288330078125
ckpt.pt,1000,3,218,0.22265625
ckpt.pt,1000,3,219,0.5184326171875
ckpt.pt,1000,3,220,0.522308349609375
ckpt.pt,1000,3,221,0.12030029296875
ckpt.pt,1000,3,222,0.308837890625
ckpt.pt,1000,3,223,0.34637451171875
ckpt.pt,1000,3,224,0.35858154296875
ckpt.pt,1000,3,225,0.257843017578125
ckpt.pt,1000,3,226,0.53509521484375
ckpt.pt,1000,3,227,0.350372314453125
ckpt.pt,1000,3,228,0.26568603515625
ckpt.pt,1000,3,229,0.070587158203125
ckpt.pt,1000,3,230,0.1053466796875
ckpt.pt,1000,3,231,0.13153076171875
ckpt.pt,1000,3,232,0.49383544921875
ckpt.pt,1000,3,233,0.174346923828125
ckpt.pt,1000,3,234,0.657989501953125
ckpt.pt,1000,3,235,0.432464599609375
ckpt.pt,1000,3,236,0.65606689453125
ckpt.pt,1000,3,237,0.49761962890625
ckpt.pt,1000,3,238,0.258697509765625
ckpt.pt,1000,3,239,0.598785400390625
ckpt.pt,1000,3,240,0.39581298828125
ckpt.pt,1000,3,241,0.08941650390625
ckpt.pt,1000,3,242,0.41510009765625
ckpt.pt,1000,3,243,0.220245361328125
ckpt.pt,1000,3,244,0.296966552734375
ckpt.pt,1000,3,245,0.258392333984375
ckpt.pt,1000,3,246,0.029510498046875
ckpt.pt,1000,3,247,0.297698974609375
ckpt.pt,1000,3,248,0.37811279296875
ckpt.pt,1000,3,249,0.124908447265625
ckpt.pt,1000,3,250,0.067840576171875
ckpt.pt,1000,3,251,0.18890380859375
ckpt.pt,1000,3,252,0.76800537109375
ckpt.pt,1000,3,253,0.097412109375
ckpt.pt,1000,3,254,0.78704833984375
ckpt.pt,1000,3,255,0.771453857421875
ckpt.pt,1000,3,256,0.503265380859375
ckpt.pt,1000,3,257,0.2364501953125
ckpt.pt,1000,3,258,0.3499755859375
ckpt.pt,1000,3,259,0.157470703125
ckpt.pt,1000,3,260,0.48992919921875
ckpt.pt,1000,3,261,0.450592041015625
ckpt.pt,1000,3,262,0.13763427734375
ckpt.pt,1000,3,263,0.1092529296875
ckpt.pt,1000,3,264,0.243804931640625
ckpt.pt,1000,3,265,0.29205322265625
ckpt.pt,1000,3,266,0.722564697265625
ckpt.pt,1000,3,267,0.135650634765625
ckpt.pt,1000,3,268,0.44830322265625
ckpt.pt,1000,3,269,0.604156494140625
ckpt.pt,1000,3,270,0.133453369140625
ckpt.pt,1000,3,271,0.43402099609375
ckpt.pt,1000,3,272,0.16546630859375
ckpt.pt,1000,3,273,0.485565185546875
ckpt.pt,1000,3,274,0.6741943359375
ckpt.pt,1000,3,275,0.2264404296875
ckpt.pt,1000,3,276,0.280548095703125
ckpt.pt,1000,3,277,0.210968017578125
ckpt.pt,1000,3,278,0.26953125
ckpt.pt,1000,3,279,0.17681884765625
ckpt.pt,1000,3,280,0.2293701171875
ckpt.pt,1000,3,281,0.460235595703125
ckpt.pt,1000,3,282,0.303375244140625
ckpt.pt,1000,3,283,0.226287841796875
ckpt.pt,1000,3,284,0.21697998046875
ckpt.pt,1000,3,285,0.31890869140625
ckpt.pt,1000,3,286,0.598846435546875
ckpt.pt,1000,3,287,0.158477783203125
ckpt.pt,1000,3,288,0.269775390625
ckpt.pt,1000,3,289,0.13018798828125
ckpt.pt,1000,3,290,0.35565185546875
ckpt.pt,1000,3,291,0.215972900390625
ckpt.pt,1000,3,292,0.17425537109375
ckpt.pt,1000,3,293,0.099517822265625
ckpt.pt,1000,3,294,0.37213134765625
ckpt.pt,1000,3,295,0.158477783203125
ckpt.pt,1000,3,296,0.4498291015625
ckpt.pt,1000,3,297,0.4595947265625
ckpt.pt,1000,3,298,0.65521240234375
ckpt.pt,1000,3,299,0.8624267578125
ckpt.pt,1000,3,300,0.288604736328125
ckpt.pt,1000,3,301,0.346405029296875
ckpt.pt,1000,3,302,0.24462890625
ckpt.pt,1000,3,303,0.051483154296875
ckpt.pt,1000,3,304,0.47003173828125
ckpt.pt,1000,3,305,0.298553466796875
ckpt.pt,1000,3,306,0.505218505859375
ckpt.pt,1000,3,307,0.09075927734375
ckpt.pt,1000,3,308,0.23687744140625
ckpt.pt,1000,3,309,0.276611328125
ckpt.pt,1000,3,310,0.323699951171875
ckpt.pt,1000,3,311,0.037445068359375
ckpt.pt,1000,3,312,0.61285400390625
ckpt.pt,1000,3,313,0.382659912109375
ckpt.pt,1000,3,314,0.67327880859375
ckpt.pt,1000,3,315,0.023223876953125
ckpt.pt,1000,3,316,0.7078857421875
ckpt.pt,1000,3,317,0.20330810546875
ckpt.pt,1000,3,318,0.069366455078125
ckpt.pt,1000,3,319,0.194610595703125
ckpt.pt,1000,3,320,0.58428955078125
ckpt.pt,1000,3,321,0.52606201171875
ckpt.pt,1000,3,322,0.02862548828125
ckpt.pt,1000,3,323,0.228271484375
ckpt.pt,1000,3,324,0.39935302734375
ckpt.pt,1000,3,325,0.778533935546875
ckpt.pt,1000,3,326,0.701995849609375
ckpt.pt,1000,3,327,0.161529541015625
ckpt.pt,1000,3,328,0.311248779296875
ckpt.pt,1000,3,329,0.71856689453125
ckpt.pt,1000,3,330,0.088287353515625
ckpt.pt,1000,3,331,0.198333740234375
ckpt.pt,1000,3,332,0.163665771484375
ckpt.pt,1000,3,333,0.3048095703125
ckpt.pt,1000,3,334,0.362396240234375
ckpt.pt,1000,3,335,0.162384033203125
ckpt.pt,1000,3,336,0.077850341796875
ckpt.pt,1000,3,337,0.354400634765625
ckpt.pt,1000,3,338,0.7879638671875
ckpt.pt,1000,3,339,0.302276611328125
ckpt.pt,1000,3,340,0.3382568359375
ckpt.pt,1000,3,341,0.47283935546875
ckpt.pt,1000,3,342,0.27264404296875
ckpt.pt,1000,3,343,0.17901611328125
ckpt.pt,1000,3,344,0.1981201171875
ckpt.pt,1000,3,345,0.2989501953125
ckpt.pt,1000,3,346,0.5032958984375
ckpt.pt,1000,3,347,0.33636474609375
ckpt.pt,1000,3,348,0.219757080078125
ckpt.pt,1000,3,349,0.266082763671875
ckpt.pt,1000,3,350,0.720458984375
ckpt.pt,1000,3,351,0.199432373046875
ckpt.pt,1000,3,352,0.124908447265625
ckpt.pt,1000,3,353,0.32684326171875
ckpt.pt,1000,3,354,0.60430908203125
ckpt.pt,1000,3,355,0.2166748046875
ckpt.pt,1000,3,356,0.068328857421875
ckpt.pt,1000,3,357,0.5262451171875
ckpt.pt,1000,3,358,0.811004638671875
ckpt.pt,1000,3,359,0.33612060546875
ckpt.pt,1000,3,360,0.355621337890625
ckpt.pt,1000,3,361,0.332977294921875
ckpt.pt,1000,3,362,0.7747802734375
ckpt.pt,1000,3,363,0.059814453125
ckpt.pt,1000,3,364,0.574920654296875
ckpt.pt,1000,3,365,0.125396728515625
ckpt.pt,1000,3,366,0.37518310546875
ckpt.pt,1000,3,367,0.40167236328125
ckpt.pt,1000,3,368,0.390594482421875
ckpt.pt,1000,3,369,0.0263671875
ckpt.pt,1000,3,370,0.742919921875
ckpt.pt,1000,3,371,0.315155029296875
ckpt.pt,1000,3,372,0.0172119140625
ckpt.pt,1000,3,373,0.1558837890625
ckpt.pt,1000,3,374,0.106597900390625
ckpt.pt,1000,3,375,0.37579345703125
ckpt.pt,1000,3,376,0.11456298828125
ckpt.pt,1000,3,377,0.34466552734375
ckpt.pt,1000,3,378,0.455474853515625
ckpt.pt,1000,3,379,0.738006591796875
ckpt.pt,1000,3,380,0.607574462890625
ckpt.pt,1000,3,381,0.33453369140625
ckpt.pt,1000,3,382,0.515289306640625
ckpt.pt,1000,3,383,0.09564208984375
ckpt.pt,1000,3,384,0.29083251953125
ckpt.pt,1000,3,385,0.197784423828125
ckpt.pt,1000,3,386,0.16259765625
ckpt.pt,1000,3,387,0.478118896484375
ckpt.pt,1000,3,388,0.24066162109375
ckpt.pt,1000,3,389,0.2003173828125
ckpt.pt,1000,3,390,0.2919921875
ckpt.pt,1000,3,391,0.33514404296875
ckpt.pt,1000,3,392,0.11798095703125
ckpt.pt,1000,3,393,0.46868896484375
ckpt.pt,1000,3,394,0.18505859375
ckpt.pt,1000,3,395,0.06719970703125
ckpt.pt,1000,3,396,0.343902587890625
ckpt.pt,1000,3,397,0.335906982421875
ckpt.pt,1000,3,398,0.421661376953125
ckpt.pt,1000,3,399,0.06256103515625
ckpt.pt,1000,3,400,0.390838623046875
ckpt.pt,1000,3,401,0.41180419921875
ckpt.pt,1000,3,402,0.3380126953125
ckpt.pt,1000,3,403,0.31842041015625
ckpt.pt,1000,3,404,0.031829833984375
ckpt.pt,1000,3,405,0.1588134765625
ckpt.pt,1000,3,406,0.171356201171875
ckpt.pt,1000,3,407,0.39068603515625
ckpt.pt,1000,3,408,0.4024658203125
ckpt.pt,1000,3,409,0.237335205078125
ckpt.pt,1000,3,410,0.398712158203125
ckpt.pt,1000,3,411,0.438079833984375
ckpt.pt,1000,3,412,0.176300048828125
ckpt.pt,1000,3,413,0.1575927734375
ckpt.pt,1000,3,414,0.45074462890625
ckpt.pt,1000,3,415,0.2086181640625
ckpt.pt,1000,3,416,0.30462646484375
ckpt.pt,1000,3,417,0.192138671875
ckpt.pt,1000,3,418,0.0947265625
ckpt.pt,1000,3,419,0.48468017578125
ckpt.pt,1000,3,420,0.586883544921875
ckpt.pt,1000,3,421,0.8125
ckpt.pt,1000,3,422,0.182891845703125
ckpt.pt,1000,3,423,0.338043212890625
ckpt.pt,1000,3,424,0.220672607421875
ckpt.pt,1000,3,425,0.26080322265625
ckpt.pt,1000,3,426,0.250640869140625
ckpt.pt,1000,3,427,0.593231201171875
ckpt.pt,1000,3,428,0.206298828125
ckpt.pt,1000,3,429,0.5391845703125
ckpt.pt,1000,3,430,0.658416748046875
ckpt.pt,1000,3,431,0.160980224609375
ckpt.pt,1000,3,432,0.371368408203125
ckpt.pt,1000,3,433,0.116943359375
ckpt.pt,1000,3,434,0.669403076171875
ckpt.pt,1000,3,435,0.135955810546875
ckpt.pt,1000,3,436,0.05743408203125
ckpt.pt,1000,3,437,0.21673583984375
ckpt.pt,1000,3,438,0.554412841796875
ckpt.pt,1000,3,439,0.26898193359375
ckpt.pt,1000,3,440,0.34075927734375
ckpt.pt,1000,3,441,0.147430419921875
ckpt.pt,1000,3,442,0.18646240234375
ckpt.pt,1000,3,443,0.092498779296875
ckpt.pt,1000,3,444,0.407073974609375
ckpt.pt,1000,3,445,0.541046142578125
ckpt.pt,1000,3,446,0.312255859375
ckpt.pt,1000,3,447,0.115570068359375
ckpt.pt,1000,3,448,0.47161865234375
ckpt.pt,1000,3,449,0.038818359375
ckpt.pt,1000,3,450,0.1036376953125
ckpt.pt,1000,3,451,0.780242919921875
ckpt.pt,1000,3,452,0.26275634765625
ckpt.pt,1000,3,453,0.320892333984375
ckpt.pt,1000,3,454,0.43511962890625
ckpt.pt,1000,3,455,0.7447509765625
ckpt.pt,1000,3,456,0.13348388671875
ckpt.pt,1000,3,457,0.255889892578125
ckpt.pt,1000,3,458,0.264862060546875
ckpt.pt,1000,3,459,0.141845703125
ckpt.pt,1000,3,460,0.4781494140625
ckpt.pt,1000,3,461,0.575836181640625
ckpt.pt,1000,3,462,0.40716552734375
ckpt.pt,1000,3,463,0.08685302734375
ckpt.pt,1000,3,464,0.353118896484375
ckpt.pt,1000,3,465,0.595672607421875
ckpt.pt,1000,3,466,0.464019775390625
ckpt.pt,1000,3,467,0.2861328125
ckpt.pt,1000,3,468,0.631988525390625
ckpt.pt,1000,3,469,0.690155029296875
ckpt.pt,1000,3,470,0.164764404296875
ckpt.pt,1000,3,471,0.810943603515625
ckpt.pt,1000,3,472,0.251922607421875
ckpt.pt,1000,3,473,0.063873291015625
ckpt.pt,1000,3,474,0.4136962890625
ckpt.pt,1000,3,475,0.240478515625
ckpt.pt,1000,3,476,0.05499267578125
ckpt.pt,1000,3,477,0.350189208984375
ckpt.pt,1000,3,478,0.14971923828125
ckpt.pt,1000,3,479,0.33135986328125
ckpt.pt,1000,3,480,0.105438232421875
ckpt.pt,1000,3,481,0.200469970703125
ckpt.pt,1000,3,482,0.31146240234375
ckpt.pt,1000,3,483,0.231781005859375
ckpt.pt,1000,3,484,0.4281005859375
ckpt.pt,1000,3,485,0.312103271484375
ckpt.pt,1000,3,486,0.15362548828125
ckpt.pt,1000,3,487,0.28289794921875
ckpt.pt,1000,3,488,0.17425537109375
ckpt.pt,1000,3,489,0.560150146484375
ckpt.pt,1000,3,490,0.501922607421875
ckpt.pt,1000,3,491,0.073699951171875
ckpt.pt,1000,3,492,0.3519287109375
ckpt.pt,1000,3,493,0.209503173828125
ckpt.pt,1000,3,494,0.105804443359375
ckpt.pt,1000,3,495,0.3719482421875
ckpt.pt,1000,3,496,0.47821044921875
ckpt.pt,1000,3,497,0.089569091796875
ckpt.pt,1000,3,498,0.292633056640625
ckpt.pt,1000,3,499,0.399749755859375
ckpt.pt,1000,3,500,0.36810302734375
ckpt.pt,1000,3,501,0.445098876953125
ckpt.pt,1000,3,502,0.611602783203125
ckpt.pt,1000,3,503,0.28607177734375
ckpt.pt,1000,3,504,0.6427001953125
ckpt.pt,1000,3,505,0.26922607421875
ckpt.pt,1000,3,506,0.60772705078125
ckpt.pt,1000,3,507,0.374755859375
ckpt.pt,1000,3,508,0.506866455078125
ckpt.pt,1000,3,509,0.309478759765625
ckpt.pt,1000,3,510,0.241973876953125
ckpt.pt,1000,3,511,0.130950927734375
ckpt.pt,1000,4,0,0.0760498046875
ckpt.pt,1000,4,1,0.1656494140625
ckpt.pt,1000,4,2,0.08941650390625
ckpt.pt,1000,4,3,0.67083740234375
ckpt.pt,1000,4,4,0.326904296875
ckpt.pt,1000,4,5,0.2215576171875
ckpt.pt,1000,4,6,0.10174560546875
ckpt.pt,1000,4,7,0.20166015625
ckpt.pt,1000,4,8,0.097137451171875
ckpt.pt,1000,4,9,0.657867431640625
ckpt.pt,1000,4,10,0.223907470703125
ckpt.pt,1000,4,11,0.57318115234375
ckpt.pt,1000,4,12,0.490234375
ckpt.pt,1000,4,13,0.385772705078125
ckpt.pt,1000,4,14,0.113128662109375
ckpt.pt,1000,4,15,0.1214599609375
ckpt.pt,1000,4,16,0.55181884765625
ckpt.pt,1000,4,17,0.765960693359375
ckpt.pt,1000,4,18,0.543212890625
ckpt.pt,1000,4,19,0.3642578125
ckpt.pt,1000,4,20,0.539276123046875
ckpt.pt,1000,4,21,0.39593505859375
ckpt.pt,1000,4,22,0.38934326171875
ckpt.pt,1000,4,23,0.29571533203125
ckpt.pt,1000,4,24,0.250701904296875
ckpt.pt,1000,4,25,0.2962646484375
ckpt.pt,1000,4,26,0.856658935546875
ckpt.pt,1000,4,27,0.33526611328125
ckpt.pt,1000,4,28,0.157562255859375
ckpt.pt,1000,4,29,0.278472900390625
ckpt.pt,1000,4,30,0.19586181640625
ckpt.pt,1000,4,31,0.272705078125
ckpt.pt,1000,4,32,0.234344482421875
ckpt.pt,1000,4,33,0.11383056640625
ckpt.pt,1000,4,34,0.124847412109375
ckpt.pt,1000,4,35,0.85076904296875
ckpt.pt,1000,4,36,0.730316162109375
ckpt.pt,1000,4,37,0.1572265625
ckpt.pt,1000,4,38,0.360565185546875
ckpt.pt,1000,4,39,0.25146484375
ckpt.pt,1000,4,40,0.525146484375
ckpt.pt,1000,4,41,0.825103759765625
ckpt.pt,1000,4,42,0.135589599609375
ckpt.pt,1000,4,43,0.083984375
ckpt.pt,1000,4,44,0.1368408203125
ckpt.pt,1000,4,45,0.59423828125
ckpt.pt,1000,4,46,0.406341552734375
ckpt.pt,1000,4,47,0.808746337890625
ckpt.pt,1000,4,48,0.5020751953125
ckpt.pt,1000,4,49,0.1298828125
ckpt.pt,1000,4,50,0.67919921875
ckpt.pt,1000,4,51,0.352142333984375
ckpt.pt,1000,4,52,0.255126953125
ckpt.pt,1000,4,53,0.55908203125
ckpt.pt,1000,4,54,0.271881103515625
ckpt.pt,1000,4,55,0.43792724609375
ckpt.pt,1000,4,56,0.153900146484375
ckpt.pt,1000,4,57,0.2364501953125
ckpt.pt,1000,4,58,0.800567626953125
ckpt.pt,1000,4,59,0.092864990234375
ckpt.pt,1000,4,60,0.260040283203125
ckpt.pt,1000,4,61,0.281585693359375
ckpt.pt,1000,4,62,0.5382080078125
ckpt.pt,1000,4,63,0.28466796875
ckpt.pt,1000,4,64,0.40106201171875
ckpt.pt,1000,4,65,0.194915771484375
ckpt.pt,1000,4,66,0.1197509765625
ckpt.pt,1000,4,67,0.361541748046875
ckpt.pt,1000,4,68,0.267303466796875
ckpt.pt,1000,4,69,0.13214111328125
ckpt.pt,1000,4,70,0.31591796875
ckpt.pt,1000,4,71,0.3140869140625
ckpt.pt,1000,4,72,0.11767578125
ckpt.pt,1000,4,73,0.675933837890625
ckpt.pt,1000,4,74,0.4593505859375
ckpt.pt,1000,4,75,0.24212646484375
ckpt.pt,1000,4,76,0.2451171875
ckpt.pt,1000,4,77,0.22088623046875
ckpt.pt,1000,4,78,0.369415283203125
ckpt.pt,1000,4,79,0.52044677734375
ckpt.pt,1000,4,80,0.466400146484375
ckpt.pt,1000,4,81,0.23822021484375
ckpt.pt,1000,4,82,0.56439208984375
ckpt.pt,1000,4,83,0.081085205078125
ckpt.pt,1000,4,84,0.705230712890625
ckpt.pt,1000,4,85,0.65850830078125
ckpt.pt,1000,4,86,0.558746337890625
ckpt.pt,1000,4,87,0.340606689453125
ckpt.pt,1000,4,88,0.35028076171875
ckpt.pt,1000,4,89,0.161407470703125
ckpt.pt,1000,4,90,0.689544677734375
ckpt.pt,1000,4,91,0.255645751953125
ckpt.pt,1000,4,92,0.2996826171875
ckpt.pt,1000,4,93,0.076141357421875
ckpt.pt,1000,4,94,0.4693603515625
ckpt.pt,1000,4,95,0.36920166015625
ckpt.pt,1000,4,96,0.19329833984375
ckpt.pt,1000,4,97,0.350189208984375
ckpt.pt,1000,4,98,0.435699462890625
ckpt.pt,1000,4,99,0.31048583984375
ckpt.pt,1000,4,100,0.8504638671875
ckpt.pt,1000,4,101,0.327056884765625
ckpt.pt,1000,4,102,0.432769775390625
ckpt.pt,1000,4,103,0.576446533203125
ckpt.pt,1000,4,104,0.86822509765625
ckpt.pt,1000,4,105,0.1182861328125
ckpt.pt,1000,4,106,0.446319580078125
ckpt.pt,1000,4,107,0.141876220703125
ckpt.pt,1000,4,108,0.45703125
ckpt.pt,1000,4,109,0.522369384765625
ckpt.pt,1000,4,110,0.161590576171875
ckpt.pt,1000,4,111,0.352752685546875
ckpt.pt,1000,4,112,0.30322265625
ckpt.pt,1000,4,113,0.12298583984375
ckpt.pt,1000,4,114,0.143646240234375
ckpt.pt,1000,4,115,0.4290771484375
ckpt.pt,1000,4,116,0.5008544921875
ckpt.pt,1000,4,117,0.58935546875
ckpt.pt,1000,4,118,0.16412353515625
ckpt.pt,1000,4,119,0.252838134765625
ckpt.pt,1000,4,120,0.09844970703125
ckpt.pt,1000,4,121,0.04876708984375
ckpt.pt,1000,4,122,0.459564208984375
ckpt.pt,1000,4,123,0.1727294921875
ckpt.pt,1000,4,124,0.078033447265625
ckpt.pt,1000,4,125,0.093597412109375
ckpt.pt,1000,4,126,0.7926025390625
ckpt.pt,1000,4,127,0.283599853515625
ckpt.pt,1000,4,128,0.11883544921875
ckpt.pt,1000,4,129,0.295135498046875
ckpt.pt,1000,4,130,0.51422119140625
ckpt.pt,1000,4,131,0.8021240234375
ckpt.pt,1000,4,132,0.448333740234375
ckpt.pt,1000,4,133,0.387054443359375
ckpt.pt,1000,4,134,0.90728759765625
ckpt.pt,1000,4,135,0.384552001953125
ckpt.pt,1000,4,136,0.25439453125
ckpt.pt,1000,4,137,0.353179931640625
ckpt.pt,1000,4,138,0.12139892578125
ckpt.pt,1000,4,139,0.5438232421875
ckpt.pt,1000,4,140,0.303955078125
ckpt.pt,1000,4,141,0.22674560546875
ckpt.pt,1000,4,142,0.665374755859375
ckpt.pt,1000,4,143,0.1754150390625
ckpt.pt,1000,4,144,0.32891845703125
ckpt.pt,1000,4,145,0.342041015625
ckpt.pt,1000,4,146,0.817718505859375
ckpt.pt,1000,4,147,0.577728271484375
ckpt.pt,1000,4,148,0.35504150390625
ckpt.pt,1000,4,149,0.06915283203125
ckpt.pt,1000,4,150,0.385467529296875
ckpt.pt,1000,4,151,0.8248291015625
ckpt.pt,1000,4,152,0.133880615234375
ckpt.pt,1000,4,153,0.216552734375
ckpt.pt,1000,4,154,0.200225830078125
ckpt.pt,1000,4,155,0.3743896484375
ckpt.pt,1000,4,156,0.147613525390625
ckpt.pt,1000,4,157,0.38787841796875
ckpt.pt,1000,4,158,0.181610107421875
ckpt.pt,1000,4,159,0.684173583984375
ckpt.pt,1000,4,160,0.263092041015625
ckpt.pt,1000,4,161,0.138458251953125
ckpt.pt,1000,4,162,0.212249755859375
ckpt.pt,1000,4,163,0.733734130859375
ckpt.pt,1000,4,164,0.34490966796875
ckpt.pt,1000,4,165,0.51910400390625
ckpt.pt,1000,4,166,0.133636474609375
ckpt.pt,1000,4,167,0.564666748046875
ckpt.pt,1000,4,168,0.4443359375
ckpt.pt,1000,4,169,0.589447021484375
ckpt.pt,1000,4,170,0.260589599609375
ckpt.pt,1000,4,171,0.541778564453125
ckpt.pt,1000,4,172,0.46234130859375
ckpt.pt,1000,4,173,0.169097900390625
ckpt.pt,1000,4,174,0.609619140625
ckpt.pt,1000,4,175,0.270660400390625
ckpt.pt,1000,4,176,0.18231201171875
ckpt.pt,1000,4,177,0.6956787109375
ckpt.pt,1000,4,178,0.160430908203125
ckpt.pt,1000,4,179,0.080322265625
ckpt.pt,1000,4,180,0.112457275390625
ckpt.pt,1000,4,181,0.286163330078125
ckpt.pt,1000,4,182,0.09356689453125
ckpt.pt,1000,4,183,0.25360107421875
ckpt.pt,1000,4,184,0.53070068359375
ckpt.pt,1000,4,185,0.0399169921875
ckpt.pt,1000,4,186,0.660888671875
ckpt.pt,1000,4,187,0.158843994140625
ckpt.pt,1000,4,188,0.51690673828125
ckpt.pt,1000,4,189,0.51141357421875
ckpt.pt,1000,4,190,0.2879638671875
ckpt.pt,1000,4,191,0.700103759765625
ckpt.pt,1000,4,192,0.181640625
ckpt.pt,1000,4,193,0.48040771484375
ckpt.pt,1000,4,194,0.297698974609375
ckpt.pt,1000,4,195,0.322906494140625
ckpt.pt,1000,4,196,0.549530029296875
ckpt.pt,1000,4,197,0.246063232421875
ckpt.pt,1000,4,198,0.32305908203125
ckpt.pt,1000,4,199,0.457916259765625
ckpt.pt,1000,4,200,0.261505126953125
ckpt.pt,1000,4,201,0.512176513671875
ckpt.pt,1000,4,202,0.64019775390625
ckpt.pt,1000,4,203,0.20452880859375
ckpt.pt,1000,4,204,0.702606201171875
ckpt.pt,1000,4,205,0.145538330078125
ckpt.pt,1000,4,206,0.22369384765625
ckpt.pt,1000,4,207,0.4356689453125
ckpt.pt,1000,4,208,0.12744140625
ckpt.pt,1000,4,209,0.4735107421875
ckpt.pt,1000,4,210,0.479248046875
ckpt.pt,1000,4,211,0.208740234375
ckpt.pt,1000,4,212,0.114013671875
ckpt.pt,1000,4,213,0.206939697265625
ckpt.pt,1000,4,214,0.1214599609375
ckpt.pt,1000,4,215,0.126434326171875
ckpt.pt,1000,4,216,0.104522705078125
ckpt.pt,1000,4,217,0.768341064453125
ckpt.pt,1000,4,218,0.145904541015625
ckpt.pt,1000,4,219,0.4381103515625
ckpt.pt,1000,4,220,0.38616943359375
ckpt.pt,1000,4,221,0.185150146484375
ckpt.pt,1000,4,222,0.545989990234375
ckpt.pt,1000,4,223,0.60797119140625
ckpt.pt,1000,4,224,0.07086181640625
ckpt.pt,1000,4,225,0.5379638671875
ckpt.pt,1000,4,226,0.72149658203125
ckpt.pt,1000,4,227,0.41888427734375
ckpt.pt,1000,4,228,0.38690185546875
ckpt.pt,1000,4,229,0.26263427734375
ckpt.pt,1000,4,230,0.126007080078125
ckpt.pt,1000,4,231,0.707855224609375
ckpt.pt,1000,4,232,0.3721923828125
ckpt.pt,1000,4,233,0.34710693359375
ckpt.pt,1000,4,234,0.448394775390625
ckpt.pt,1000,4,235,0.549957275390625
ckpt.pt,1000,4,236,0.380462646484375
ckpt.pt,1000,4,237,0.329864501953125
ckpt.pt,1000,4,238,0.256561279296875
ckpt.pt,1000,4,239,0.142822265625
ckpt.pt,1000,4,240,0.10205078125
ckpt.pt,1000,4,241,0.284820556640625
ckpt.pt,1000,4,242,0.136474609375
ckpt.pt,1000,4,243,0.17291259765625
ckpt.pt,1000,4,244,0.39453125
ckpt.pt,1000,4,245,0.087188720703125
ckpt.pt,1000,4,246,0.35284423828125
ckpt.pt,1000,4,247,0.44073486328125
ckpt.pt,1000,4,248,0.36187744140625
ckpt.pt,1000,4,249,0.210693359375
ckpt.pt,1000,4,250,0.635284423828125
ckpt.pt,1000,4,251,0.111572265625
ckpt.pt,1000,4,252,0.591644287109375
ckpt.pt,1000,4,253,0.1949462890625
ckpt.pt,1000,4,254,0.15325927734375
ckpt.pt,1000,4,255,0.4681396484375
ckpt.pt,1000,4,256,0.167572021484375
ckpt.pt,1000,4,257,0.188629150390625
ckpt.pt,1000,4,258,0.2275390625
ckpt.pt,1000,4,259,0.34588623046875
ckpt.pt,1000,4,260,0.53033447265625
ckpt.pt,1000,4,261,0.830902099609375
ckpt.pt,1000,4,262,0.296661376953125
ckpt.pt,1000,4,263,0.212921142578125
ckpt.pt,1000,4,264,0.5596923828125
ckpt.pt,1000,4,265,0.446533203125
ckpt.pt,1000,4,266,0.1541748046875
ckpt.pt,1000,4,267,0.359619140625
ckpt.pt,1000,4,268,0.5341796875
ckpt.pt,1000,4,269,0.553070068359375
ckpt.pt,1000,4,270,0.297821044921875
ckpt.pt,1000,4,271,0.508209228515625
ckpt.pt,1000,4,272,0.76025390625
ckpt.pt,1000,4,273,0.90478515625
ckpt.pt,1000,4,274,0.2532958984375
ckpt.pt,1000,4,275,0.050079345703125
ckpt.pt,1000,4,276,0.501617431640625
ckpt.pt,1000,4,277,0.191314697265625
ckpt.pt,1000,4,278,0.403472900390625
ckpt.pt,1000,4,279,0.236328125
ckpt.pt,1000,4,280,0.554534912109375
ckpt.pt,1000,4,281,0.406402587890625
ckpt.pt,1000,4,282,0.212890625
ckpt.pt,1000,4,283,0.115325927734375
ckpt.pt,1000,4,284,0.39111328125
ckpt.pt,1000,4,285,0.222747802734375
ckpt.pt,1000,4,286,0.693756103515625
ckpt.pt,1000,4,287,0.438446044921875
ckpt.pt,1000,4,288,0.645599365234375
ckpt.pt,1000,4,289,0.0330810546875
ckpt.pt,1000,4,290,0.794464111328125
ckpt.pt,1000,4,291,0.46990966796875
ckpt.pt,1000,4,292,0.224884033203125
ckpt.pt,1000,4,293,0.207763671875
ckpt.pt,1000,4,294,0.22686767578125
ckpt.pt,1000,4,295,0.215667724609375
ckpt.pt,1000,4,296,0.30804443359375
ckpt.pt,1000,4,297,0.329742431640625
ckpt.pt,1000,4,298,0.387359619140625
ckpt.pt,1000,4,299,0.2066650390625
ckpt.pt,1000,4,300,0.350921630859375
ckpt.pt,1000,4,301,0.2198486328125
ckpt.pt,1000,4,302,0.401611328125
ckpt.pt,1000,4,303,0.722564697265625
ckpt.pt,1000,4,304,0.23931884765625
ckpt.pt,1000,4,305,0.18231201171875
ckpt.pt,1000,4,306,0.399993896484375
ckpt.pt,1000,4,307,0.451904296875
ckpt.pt,1000,4,308,0.332000732421875
ckpt.pt,1000,4,309,0.3023681640625
ckpt.pt,1000,4,310,0.671783447265625
ckpt.pt,1000,4,311,0.332550048828125
ckpt.pt,1000,4,312,0.171630859375
ckpt.pt,1000,4,313,0.231231689453125
ckpt.pt,1000,4,314,0.3524169921875
ckpt.pt,1000,4,315,0.3763427734375
ckpt.pt,1000,4,316,0.186309814453125
ckpt.pt,1000,4,317,0.50103759765625
ckpt.pt,1000,4,318,0.3077392578125
ckpt.pt,1000,4,319,0.459197998046875
ckpt.pt,1000,4,320,0.45294189453125
ckpt.pt,1000,4,321,0.129791259765625
ckpt.pt,1000,4,322,0.337860107421875
ckpt.pt,1000,4,323,0.72900390625
ckpt.pt,1000,4,324,0.9102783203125
ckpt.pt,1000,4,325,0.208038330078125
ckpt.pt,1000,4,326,0.142791748046875
ckpt.pt,1000,4,327,0.25738525390625
ckpt.pt,1000,4,328,0.79638671875
ckpt.pt,1000,4,329,0.13348388671875
ckpt.pt,1000,4,330,0.585479736328125
ckpt.pt,1000,4,331,0.109832763671875
ckpt.pt,1000,4,332,0.2518310546875
ckpt.pt,1000,4,333,0.18994140625
ckpt.pt,1000,4,334,0.516265869140625
ckpt.pt,1000,4,335,0.1693115234375
ckpt.pt,1000,4,336,0.214996337890625
ckpt.pt,1000,4,337,0.08831787109375
ckpt.pt,1000,4,338,0.1787109375
ckpt.pt,1000,4,339,0.0999755859375
ckpt.pt,1000,4,340,0.800201416015625
ckpt.pt,1000,4,341,0.409637451171875
ckpt.pt,1000,4,342,0.35009765625
ckpt.pt,1000,4,343,0.293365478515625
ckpt.pt,1000,4,344,0.382537841796875
ckpt.pt,1000,4,345,0.475921630859375
ckpt.pt,1000,4,346,0.13238525390625
ckpt.pt,1000,4,347,0.233917236328125
ckpt.pt,1000,4,348,0.434661865234375
ckpt.pt,1000,4,349,0.411651611328125
ckpt.pt,1000,4,350,0.3634033203125
ckpt.pt,1000,4,351,0.74945068359375
ckpt.pt,1000,4,352,0.446380615234375
ckpt.pt,1000,4,353,0.239501953125
ckpt.pt,1000,4,354,0.775146484375
ckpt.pt,1000,4,355,0.135284423828125
ckpt.pt,1000,4,356,0.266143798828125
ckpt.pt,1000,4,357,0.100555419921875
ckpt.pt,1000,4,358,0.70758056640625
ckpt.pt,1000,4,359,0.12841796875
ckpt.pt,1000,4,360,0.50384521484375
ckpt.pt,1000,4,361,0.34466552734375
ckpt.pt,1000,4,362,0.2789306640625
ckpt.pt,1000,4,363,0.116851806640625
ckpt.pt,1000,4,364,0.395965576171875
ckpt.pt,1000,4,365,0.292144775390625
ckpt.pt,1000,4,366,0.612823486328125
ckpt.pt,1000,4,367,0.30523681640625
ckpt.pt,1000,4,368,0.100341796875
ckpt.pt,1000,4,369,0.352569580078125
ckpt.pt,1000,4,370,0.660736083984375
ckpt.pt,1000,4,371,0.25958251953125
ckpt.pt,1000,4,372,0.09759521484375
ckpt.pt,1000,4,373,0.425537109375
ckpt.pt,1000,4,374,0.438995361328125
ckpt.pt,1000,4,375,0.16845703125
ckpt.pt,1000,4,376,0.2337646484375
ckpt.pt,1000,4,377,0.165191650390625
ckpt.pt,1000,4,378,0.41632080078125
ckpt.pt,1000,4,379,0.253326416015625
ckpt.pt,1000,4,380,0.104522705078125
ckpt.pt,1000,4,381,0.724822998046875
ckpt.pt,1000,4,382,0.2813720703125
ckpt.pt,1000,4,383,0.547027587890625
ckpt.pt,1000,4,384,0.426910400390625
ckpt.pt,1000,4,385,0.120819091796875
ckpt.pt,1000,4,386,0.11053466796875
ckpt.pt,1000,4,387,0.54180908203125
ckpt.pt,1000,4,388,0.544219970703125
ckpt.pt,1000,4,389,0.647674560546875
ckpt.pt,1000,4,390,0.054718017578125
ckpt.pt,1000,4,391,0.470550537109375
ckpt.pt,1000,4,392,0.3876953125
ckpt.pt,1000,4,393,0.36334228515625
ckpt.pt,1000,4,394,0.6031494140625
ckpt.pt,1000,4,395,0.187713623046875
ckpt.pt,1000,4,396,0.2198486328125
ckpt.pt,1000,4,397,0.342041015625
ckpt.pt,1000,4,398,0.4466552734375
ckpt.pt,1000,4,399,0.349273681640625
ckpt.pt,1000,4,400,0.265838623046875
ckpt.pt,1000,4,401,0.1080322265625
ckpt.pt,1000,4,402,0.705322265625
ckpt.pt,1000,4,403,0.043548583984375
ckpt.pt,1000,4,404,0.714263916015625
ckpt.pt,1000,4,405,0.25128173828125
ckpt.pt,1000,4,406,0.221710205078125
ckpt.pt,1000,4,407,0.2314453125
ckpt.pt,1000,4,408,0.6785888671875
ckpt.pt,1000,4,409,0.433563232421875
ckpt.pt,1000,4,410,0.1131591796875
ckpt.pt,1000,4,411,0.23516845703125
ckpt.pt,1000,4,412,0.30181884765625
ckpt.pt,1000,4,413,0.4498291015625
ckpt.pt,1000,4,414,0.245880126953125
ckpt.pt,1000,4,415,0.307403564453125
ckpt.pt,1000,4,416,0.313934326171875
ckpt.pt,1000,4,417,0.197418212890625
ckpt.pt,1000,4,418,0.0823974609375
ckpt.pt,1000,4,419,0.26007080078125
ckpt.pt,1000,4,420,0.671966552734375
ckpt.pt,1000,4,421,0.57763671875
ckpt.pt,1000,4,422,0.273834228515625
ckpt.pt,1000,4,423,0.181243896484375
ckpt.pt,1000,4,424,0.20672607421875
ckpt.pt,1000,4,425,0.259490966796875
ckpt.pt,1000,4,426,0.78350830078125
ckpt.pt,1000,4,427,0.21185302734375
ckpt.pt,1000,4,428,0.237701416015625
ckpt.pt,1000,4,429,0.123504638671875
ckpt.pt,1000,4,430,0.879425048828125
ckpt.pt,1000,4,431,0.69207763671875
ckpt.pt,1000,4,432,0.24835205078125
ckpt.pt,1000,4,433,0.269012451171875
ckpt.pt,1000,4,434,0.118499755859375
ckpt.pt,1000,4,435,0.58734130859375
ckpt.pt,1000,4,436,0.188232421875
ckpt.pt,1000,4,437,0.587890625
ckpt.pt,1000,4,438,0.140777587890625
ckpt.pt,1000,4,439,0.36285400390625
ckpt.pt,1000,4,440,0.4384765625
ckpt.pt,1000,4,441,0.124237060546875
ckpt.pt,1000,4,442,0.213348388671875
ckpt.pt,1000,4,443,0.55377197265625
ckpt.pt,1000,4,444,0.435302734375
ckpt.pt,1000,4,445,0.564697265625
ckpt.pt,1000,4,446,0.12939453125
ckpt.pt,1000,4,447,0.740509033203125
ckpt.pt,1000,4,448,0.871917724609375
ckpt.pt,1000,4,449,0.145172119140625
ckpt.pt,1000,4,450,0.111724853515625
ckpt.pt,1000,4,451,0.2103271484375
ckpt.pt,1000,4,452,0.392822265625
ckpt.pt,1000,4,453,0.44171142578125
ckpt.pt,1000,4,454,0.21722412109375
ckpt.pt,1000,4,455,0.274322509765625
ckpt.pt,1000,4,456,0.799896240234375
ckpt.pt,1000,4,457,0.378814697265625
ckpt.pt,1000,4,458,0.33929443359375
ckpt.pt,1000,4,459,0.308837890625
ckpt.pt,1000,4,460,0.50091552734375
ckpt.pt,1000,4,461,0.27838134765625
ckpt.pt,1000,4,462,0.101348876953125
ckpt.pt,1000,4,463,0.5526123046875
ckpt.pt,1000,4,464,0.2032470703125
ckpt.pt,1000,4,465,0.091827392578125
ckpt.pt,1000,4,466,0.090606689453125
ckpt.pt,1000,4,467,0.08355712890625
ckpt.pt,1000,4,468,0.075286865234375
ckpt.pt,1000,4,469,0.3759765625
ckpt.pt,1000,4,470,0.465667724609375
ckpt.pt,1000,4,471,0.800262451171875
ckpt.pt,1000,4,472,0.53802490234375
ckpt.pt,1000,4,473,0.534088134765625
ckpt.pt,1000,4,474,0.241668701171875
ckpt.pt,1000,4,475,0.567413330078125
ckpt.pt,1000,4,476,0.199310302734375
ckpt.pt,1000,4,477,0.167144775390625
ckpt.pt,1000,4,478,0.2757568359375
ckpt.pt,1000,4,479,0.583221435546875
ckpt.pt,1000,4,480,0.357757568359375
ckpt.pt,1000,4,481,0.360260009765625
ckpt.pt,1000,4,482,0.512939453125
ckpt.pt,1000,4,483,0.495147705078125
ckpt.pt,1000,4,484,0.512298583984375
ckpt.pt,1000,4,485,0.11767578125
ckpt.pt,1000,4,486,0.204010009765625
ckpt.pt,1000,4,487,0.228515625
ckpt.pt,1000,4,488,0.264434814453125
ckpt.pt,1000,4,489,0.872161865234375
ckpt.pt,1000,4,490,0.262298583984375
ckpt.pt,1000,4,491,0.166717529296875
ckpt.pt,1000,4,492,0.16510009765625
ckpt.pt,1000,4,493,0.344146728515625
ckpt.pt,1000,4,494,0.434234619140625
ckpt.pt,1000,4,495,0.843963623046875
ckpt.pt,1000,4,496,0.352020263671875
ckpt.pt,1000,4,497,0.404327392578125
ckpt.pt,1000,4,498,0.10980224609375
ckpt.pt,1000,4,499,0.102813720703125
ckpt.pt,1000,4,500,0.59417724609375
ckpt.pt,1000,4,501,0.1295166015625
ckpt.pt,1000,4,502,0.345855712890625
ckpt.pt,1000,4,503,0.33465576171875
ckpt.pt,1000,4,504,0.291168212890625
ckpt.pt,1000,4,505,0.21832275390625
ckpt.pt,1000,4,506,0.09844970703125
ckpt.pt,1000,4,507,0.239654541015625
ckpt.pt,1000,4,508,0.2081298828125
ckpt.pt,1000,4,509,0.487579345703125
ckpt.pt,1000,4,510,0.191253662109375
ckpt.pt,1000,4,511,0.42645263671875
