node,step,cell,usage_frequency,mean_fanin,fanin_distribution,source_distribution,top_token_distribution,position_bucket_distribution,difficulty_quintile_usage,remove_delta_nll,add_gain_nll
0,0,0,1.0,1.0,"{""1"": 1.0}","[1.0, 0.0, 0.0, 0.0, 0.0, 0.0, 0.0, 0.0, 0.0, 0.0, 0.0, 0.0, 0.0, 0.0, 0.0, 0.0, 0.0, 0.0, 0.0, 0.0, 0.0, 0.0, 0.0, 0.0, 0.0, 0.0, 0.0, 0.0, 0.0, 0.0, 0.0, 0.0, 0.0]","[[1, 2405], [43, 1367], [58, 919], [53, 882], [39, 844], [46, 761], [57, 755], [52, 704]]","{""0"": 2048, ""1"": 2048, ""2"": 2048, ""3"": 2048, ""4"": 2048, ""5"": 2048, ""6"": 2048, ""7"": 2048}","[1.0, 1.0, 1.0, 1.0, 1.0]",0.024030517786741257,0.0
1,0,1,0.778076171875,1.0,"{""1"": 1.0}","[1.0, 0.0, 0.0, 0.0, 0.0, 0.0, 0.0, 0.0, 0.0, 0.0, 0.0, 0.0, 0.0, 0.0, 0.0, 0.0, 0.0, 0.0, 0.0, 0.0, 0.0, 0.0, 0.0, 0.0, 0.0, 0.0, 0.0, 0.0, 0.0, 0.0, 0.0, 0.0, 0.0]","[[43, 1367], [58, 919], [53, 882], [39, 844], [46, 761], [57, 755], [52, 704], [47, 699]]","{""0"": 1573, ""1"": 1568, ""2"": 1556, ""3"": 1576, ""4"": 1595, ""5"": 1622, ""6"": 1624, ""7"": 1634}","[0.9310344827586207, 0.9639914555996338, 0.7936507936507936, 0.5675923100396705, 0.6341165700335673]",-0.0027765969280153513,-0.010790681466460228
2,0,2,0.999755859375,1.0,"{""1"": 1.0}","[1.0, 0.0, 0.0, 0.0, 0.0, 0.0, 0.0, 0.0, 0.0, 0.0, 0.0, 0.0, 0.0, 0.0, 0.0, 0.0, 0.0, 0.0, 0.0, 0.0, 0.0, 0.0, 0.0, 0.0, 0.0, 0.0, 0.0, 0.0, 0.0, 0.0, 0.0, 0.0, 0.0]","[[1, 2405], [43, 1367], [58, 919], [53, 882], [39, 844], [46, 761], [57, 755], [52, 704]]","{""0"": 2046, ""1"": 2048, ""2"": 2046, ""3"": 2048, ""4"": 2048, ""5"": 2048, ""6"": 2048, ""7"": 2048}","[0.9996948428440647, 0.9996948428440647, 1.0, 1.0, 0.9993896856881294]",0.015698468312621117,0.0
3,0,3,0.92974853515625,1.0,"{""1"": 1.0}","[1.0, 0.0, 0.0, 0.0, 0.0, 0.0, 0.0, 0.0, 0.0, 0.0, 0.0, 0.0, 0.0, 0.0, 0.0, 0.0, 0.0, 0.0, 0.0, 0.0, 0.0, 0.0, 0.0, 0.0, 0.0, 0.0, 0.0, 0.0, 0.0, 0.0, 0.0, 0.0, 0.0]","[[1, 2405], [43, 1367], [58, 919], [53, 882], [39, 844], [46, 761], [57, 755], [52, 704]]","{""0"": 1892, ""1"": 1890, ""2"": 1914, ""3"": 1905, ""4"": 1925, ""5"": 1913, ""6"": 1899, ""7"": 1895}","[0.9453768690875801, 0.8858712236801953, 0.9325396825396826, 0.9646017699115044, 0.9203539823008849]",0.009563288651406765,-0.0715557262301445
4,1,0,0.77069091796875,3.241070721469866,"{""1"": 0.013938385998257702, ""2"": 0.25017818959372773, ""3"": 0.33420448245822443, ""4"": 0.284232200839471, ""5"": 0.11744674111031916}","[0.27591668646551043, 0.8306010928961749, 0.5435178585570603, 0.9102716401362161, 0.6807634434149046, 0.0, 0.0, 0.0, 0.0, 0.0, 0.0, 0.0, 0.0, 0.0, 0.0, 0.0, 0.0, 0.0, 0.0, 0.0, 0.0, 0.0, 0.0, 0.0, 0.0, 0.0, 0.0, 0.0, 0.0, 0.0, 0.0, 0.0, 0.0]","[[1, 1727], [58, 919], [46, 761], [52, 704], [47, 699], [53, 690], [56, 677], [50, 474]]","{""0"": 1712, ""1"": 1696, ""2"": 1670, ""3"": 1616, ""4"": 1522, ""5"": 1472, ""6"": 1540, ""7"": 1399}","[0.8776319804699421, 0.8425389075373817, 0.7448107448107448, 0.6771437290204455, 0.7113213304851999]",0.010915874503552914,-0.07857903093099594
5,1,1,0.95965576171875,3.5358392164345225,"{""1"": 0.015900273484703936, ""2"": 0.17095974050753673, ""3"": 0.24937988933409655, ""4"": 0.3889206894358583, ""5"": 0.1748394072378045}","[0.6081536602429561, 0.774915728550531, 0.5607072441645996, 0.8493290084589455, 0.7427335750174903, 0.0, 0.0, 0.0, 0.0, 0.0, 0.0, 0.0, 0.0, 0.0, 0.0, 0.0, 0.0, 0.0, 0.0, 0.0, 0.0, 0.0, 0.0, 0.0, 0.0, 0.0, 0.0, 0.0, 0.0, 0.0, 0.0, 0.0, 0.0]","[[1, 2405], [43, 1367], [58, 919], [53, 882], [39, 844], [46, 761], [57, 755], [52, 703]]","{""0"": 1973, ""1"": 1959, ""2"": 1949, ""3"": 1971, ""4"": 1972, ""5"": 1959, ""6"": 1965, ""7"": 1975}","[0.9618553555080867, 0.996032956972841, 0.9478021978021978, 0.9490387549588037, 0.9435459261519683]",0.006000814959406853,-0.18537306785583496
6,1,2,0.844482421875,3.0508094825093957,"{""1"": 0.04668979473836369, ""2"": 0.32762359063313096, ""3"": 0.21075455333911536, ""4"": 0.35805145995952586, ""5"": 0.056880601329864125}","[0.22412546978895634, 0.9226655102630819, 0.582104654524429, 0.9061867591789534, 0.4157270887539751, 0.0, 0.0, 0.0, 0.0, 0.0, 0.0, 0.0, 0.0, 0.0, 0.0, 0.0, 0.0, 0.0, 0.0, 0.0, 0.0, 0.0, 0.0, 0.0, 0.0, 0.0, 0.0, 0.0, 0.0, 0.0, 0.0, 0.0, 0.0]","[[1, 2405], [43, 1367], [58, 919], [53, 882], [39, 844], [46, 761], [57, 755], [52, 704]]","{""0"": 1690, ""1"": 1712, ""2"": 1739, ""3"": 1744, ""4"": 1745, ""5"": 1736, ""6"": 1736, ""7"": 1734}","[0.8428440646933171, 0.7650289899298138, 0.8421855921855922, 0.8913640524870308, 0.8809887091852304]",0.03278949856758118,-0.09281313419342041
7,1,3,0.9271240234375,3.183015141540487,"{""1"": 0.02185648452929559, ""2"": 0.28123765635286374, ""3"": 0.319486504279131, ""4"": 0.2468729427254773, ""5"": 0.1305464121132324}","[0.5812376563528637, 0.8350230414746543, 0.4325213956550362, 0.8944700460829493, 0.4397630019749835, 0.0, 0.0, 0.0, 0.0, 0.0, 0.0, 0.0, 0.0, 0.0, 0.0, 0.0, 0.0, 0.0, 0.0, 0.0, 0.0, 0.0, 0.0, 0.0, 0.0, 0.0, 0.0, 0.0, 0.0, 0.0, 0.0, 0.0, 0.0]","[[1, 2405], [43, 1367], [58, 919], [53, 882], [39, 844], [46, 761], [57, 755], [52, 704]]","{""0"": 1881, ""1"": 1895, ""2"": 1814, ""3"": 1921, ""4"": 1915, ""5"": 1912, ""6"": 1912, ""7"": 1940}","[0.9401891974366798, 0.934391211473909, 0.9065934065934066, 0.9389685688129387, 0.91547146780592]",0.008931242860853672,-0.10837078839540482
8,2,0,0.84173583984375,3.5396272931622073,"{""1"": 0.1746066275106954, ""2"": 0.11108694075846566, ""3"": 0.23696613733594374, ""4"": 0.14190414038140817, ""5"": 0.18606337466463635, ""6"": 0.11224711768544703, ""7"": 0.03647306214197665, ""8"": 0.0006525995214270176}","[0.10731636574577623, 0.5904575447755783, 0.4910448843448626, 0.5821912841708361, 0.5403524037415706, 0.15930679428612862, 0.308607062577043, 0.5210644623305054, 0.23928649118990647, 0.0, 0.0, 0.0, 0.0, 0.0, 0.0, 0.0, 0.0, 0.0, 0.0, 0.0, 0.0, 0.0, 0.0, 0.0, 0.0, 0.0, 0.0, 0.0, 0.0, 0.0, 0.0, 0.0, 0.0]","[[1, 2405], [43, 1228], [58, 908], [53, 882], [39, 836], [46, 761], [47, 699], [0, 661]]","{""0"": 1718, ""1"": 1719, ""2"": 1736, ""3"": 1736, ""4"": 1716, ""5"": 1700, ""6"": 1742, ""7"": 1724}","[0.8309429356118401, 0.8028684772657919, 0.8559218559218559, 0.8931949954226427, 0.8257552639609399]",0.012964179739356041,-0.03731291741132736
9,2,1,0.8406982421875,3.3623493538550893,"{""1"": 0.17460432699288514, ""2"": 0.1564541890518368, ""3"": 0.20734717583853637, ""4"": 0.1794685639610861, ""5"": 0.18164658051401192, ""6"": 0.07833599535356468, ""7"": 0.020473355597502543, ""8"": 0.0016698126905764484}","[0.15253375925657034, 0.5467547553361406, 0.273268476840424, 0.5898794830840715, 0.4175257731958763, 0.1134020618556701, 0.30797154058370846, 0.5646870916218963, 0.3963264120807318, 0.0, 0.0, 0.0, 0.0, 0.0, 0.0, 0.0, 0.0, 0.0, 0.0, 0.0, 0.0, 0.0, 0.0, 0.0, 0.0, 0.0, 0.0, 0.0, 0.0, 0.0, 0.0, 0.0, 0.0]","[[1, 2405], [43, 1367], [58, 919], [53, 882], [39, 844], [46, 761], [57, 755], [52, 704]]","{""0"": 1719, ""1"": 1735, ""2"": 1673, ""3"": 1761, ""4"": 1746, ""5"": 1731, ""6"": 1700, ""7"": 1709}","[0.8407079646017699, 0.8077509917607568, 0.8324175824175825, 0.893500152578578, 0.8291119926762283]",0.0030813158955425024,-0.049399834126234055
10,2,2,0.73980712890625,3.4828809504166323,"{""1"": 0.020130352281164922, ""2"": 0.3056678491873608, ""3"": 0.19759095784176223, ""4"": 0.24865935153865193, ""5"": 0.1201221021367874, ""6"": 0.09174160547809587, ""7"": 0.01575777576107582, ""8"": 0.00033000577510106425}","[0.22333140829964523, 0.6349311112944477, 0.544179523141655, 0.49583367708934906, 0.5823776916096032, 0.11591452850424883, 0.2365316393036878, 0.38957181750680636, 0.2602095536671892, 0.0, 0.0, 0.0, 0.0, 0.0, 0.0, 0.0, 0.0, 0.0, 0.0, 0.0, 0.0, 0.0, 0.0, 0.0, 0.0, 0.0, 0.0, 0.0, 0.0, 0.0, 0.0, 0.0, 0.0]","[[1, 2405], [58, 763], [46, 761], [57, 687], [52, 687], [56, 677], [50, 474], [42, 428]]","{""0"": 1560, ""1"": 1521, ""2"": 1510, ""3"": 1525, ""4"": 1474, ""5"": 1484, ""6"": 1526, ""7"": 1521}","[0.820872749465975, 0.7494659749771132, 0.6984126984126984, 0.709490387549588, 0.7207812023191944]",0.011462350375950336,-0.019676832482218742
11,2,3,0.77642822265625,3.823834604197783,"{""1"": 0.033094882477792624, ""2"": 0.11139061394544454, ""3"": 0.3109818410502319, ""4"": 0.26059272069805833, ""5"": 0.16681078531561985, ""6"": 0.07719518905746403, ""7"": 0.024447763540602154, ""8"": 0.015093153054005189, ""9"": 0.0003930508607813851}","[0.2398396352488012, 0.7846867384639572, 0.5892618504834526, 0.6658281581636664, 0.40287713230091976, 0.21287634619919818, 0.3489505542017137, 0.23685244870686267, 0.34266174042921155, 0.0, 0.0, 0.0, 0.0, 0.0, 0.0, 0.0, 0.0, 0.0, 0.0, 0.0, 0.0, 0.0, 0.0, 0.0, 0.0, 0.0, 0.0, 0.0, 0.0, 0.0, 0.0, 0.0, 0.0]","[[43, 1367], [58, 919], [53, 881], [39, 844], [57, 755], [52, 704], [47, 685], [56, 677]]","{""0"": 1735, ""1"": 1616, ""2"": 1610, ""3"": 1553, ""4"": 1545, ""5"": 1550, ""6"": 1561, ""7"": 1551}","[0.8828196521208422, 0.8696978944156241, 0.811965811965812, 0.6115349404943546, 0.7061336588342997]",0.018076978623867035,-0.03128662705421448
12,3,0,0.79571533203125,3.974150494745724,"{""1"": 0.024085295696862775, ""2"": 0.1684436603513078, ""3"": 0.24591547135077088, ""4"": 0.226585870982588, ""5"": 0.158932269693948, ""6"": 0.09986960190227813, ""7"": 0.04471887704226433, ""8"": 0.022090971849351843, ""9"": 0.008284114443506942, ""10"": 0.0009204571603896602, ""11"": 0.00015340952673161004}","[0.20365114673621232, 0.48070875201350005, 0.5147656669479175, 0.6803712510546905, 0.4337654368336274, 0.15962261256424023, 0.2325688425251208, 0.39702385518140676, 0.16752320319091815, 0.19690112756002148, 0.1041650686507632, 0.1745800414205722, 0.22850349006673315, 0.0, 0.0, 0.0, 0.0, 0.0, 0.0, 0.0, 0.0, 0.0, 0.0, 0.0, 0.0, 0.0, 0.0, 0.0, 0.0, 0.0, 0.0, 0.0, 0.0]","[[1, 2399], [53, 857], [39, 842], [43, 823], [46, 761], [58, 697], [47, 681], [0, 656]]","{""0"": 1652, ""1"": 1641, ""2"": 1663, ""3"": 1639, ""4"": 1628, ""5"": 1617, ""6"": 1624, ""7"": 1573}","[0.7955447055233446, 0.7537381751602075, 0.8125763125763126, 0.8483368935001526, 0.7683857186451022]",0.00977126881480217,-0.059940602630376816
13,3,1,0.99114990234375,3.6010222304329083,"{""1"": 0.07697518320093602, ""2"": 0.2657183324096311, ""3"": 0.17051542582671347, ""4"": 0.17704292136215286, ""5"": 0.156659892850545, ""6"": 0.10302358519613276, ""7"": 0.03313011884968286, ""8"": 0.013239731510560996, ""9"": 0.003325327914280436, ""10"": 0.0003694808793644929}","[0.34183139355871667, 0.4464560625654289, 0.3482973089475953, 0.6233758236344602, 0.46086581686064415, 0.1720549294907322, 0.20703245273723753, 0.34053821048094096, 0.14415912309871298, 0.1841862183631997, 0.06084118480201983, 0.05868587967239362, 0.21269782622082642, 0.0, 0.0, 0.0, 0.0, 0.0, 0.0, 0.0, 0.0, 0.0, 0.0, 0.0, 0.0, 0.0, 0.0, 0.0, 0.0, 0.0, 0.0, 0.0, 0.0]","[[1, 2405], [43, 1367], [58, 919], [53, 882], [39, 844], [46, 759], [57, 755], [52, 704]]","{""0"": 2036, ""1"": 2036, ""2"": 2027, ""3"": 2027, ""4"": 2030, ""5"": 2022, ""6"": 2024, ""7"": 2037}","[0.9728410131217577, 0.9975587427525175, 0.9978632478632479, 0.9938968568812938, 0.9935916997253585]",0.014591463841497898,-0.15075913071632385
14,3,2,0.89312744140625,3.6023371830793414,"{""1"": 0.047222032392537416, ""2"": 0.30930089523679355, ""3"": 0.17986742294813093, ""4"": 0.18355771202077495, ""5"": 0.1277250051254015, ""6"": 0.08597006765529966, ""7"": 0.03580947174195312, ""8"": 0.019271509601585458, ""9"": 0.00936240005467095, ""10"": 0.0019134832228524569}","[0.21786373265905828, 0.5590787945055696, 0.33656803116244105, 0.597690152395271, 0.31483632884575957, 0.18157589011139205, 0.17870566527711337, 0.37442766350030754, 0.21984555456844118, 0.22490261737169412, 0.053782546299460124, 0.10804346340463336, 0.23501674297819997, 0.0, 0.0, 0.0, 0.0, 0.0, 0.0, 0.0, 0.0, 0.0, 0.0, 0.0, 0.0, 0.0, 0.0, 0.0, 0.0, 0.0, 0.0, 0.0, 0.0]","[[1, 2405], [43, 1367], [58, 919], [53, 882], [39, 844], [46, 761], [57, 755], [52, 704]]","{""0"": 1776, ""1"": 1768, ""2"": 1837, ""3"": 1853, ""4"": 1863, ""5"": 1849, ""6"": 1837, ""7"": 1850}","[0.8858712236801953, 0.8495575221238938, 0.8916361416361417, 0.9224900823924321, 0.9160817821177907]",0.008207746781408787,-0.0496196411550045
15,3,3,0.87548828125,3.447225320691578,"{""1"": 0.19213608477412158, ""2"": 0.18830172894590072, ""3"": 0.14452035694366983, ""4"": 0.17568321249302846, ""5"": 0.1388733965421082, ""6"": 0.1015755716675962, ""7"": 0.037785833798103734, ""8"": 0.016940881204684885, ""9"": 0.003485778025655326, ""10"": 0.0006971556051310652}","[0.2534857780256553, 0.29015616285554935, 0.32110987172336863, 0.4601226993865031, 0.5028583379810374, 0.14152258784160623, 0.20266313441160066, 0.3729782487451199, 0.28471834913552707, 0.21925543781372003, 0.06253485778025655, 0.1004601226993865, 0.23535973229224763, 0.0, 0.0, 0.0, 0.0, 0.0, 0.0, 0.0, 0.0, 0.0, 0.0, 0.0, 0.0, 0.0, 0.0, 0.0, 0.0, 0.0, 0.0, 0.0, 0.0]","[[1, 2405], [43, 1367], [58, 919], [53, 882], [39, 844], [46, 761], [57, 755], [52, 704]]","{""0"": 1772, ""1"": 1782, ""2"": 1772, ""3"": 1806, ""4"": 1820, ""5"": 1804, ""6"": 1798, ""7"": 1790}","[0.9310344827586207, 0.8339945071711932, 0.8470695970695971, 0.9038754958803784, 0.8614586512053708]",0.0027931849472224712,-0.05324944481253624
16,4,0,0.8883056640625,2.900714580184142,"{""1"": 0.3087810911089735, ""2"": 0.16538408684897624, ""3"": 0.16469699051807063, ""4"": 0.15555860931702625, ""5"": 0.12360862992991617, ""6"": 0.05510512573862856, ""7"": 0.019032568366084926, ""8"": 0.007558059639961523, ""9"": 0.0002748385323622372}","[0.30445238422426824, 0.0, 0.0, 0.0, 0.0, 0.15617699601484128, 0.26109660574412535, 0.42297650130548303, 0.32520269341761715, 0.22942146488937748, 0.15727635014429023, 0.059227703724062115, 0.29380239109523154, 0.09035316751408548, 0.23182630204754706, 0.16737666620860245, 0.20152535385461043, 0.0, 0.0, 0.0, 0.0, 0.0, 0.0, 0.0, 0.0, 0.0, 0.0, 0.0, 0.0, 0.0, 0.0, 0.0, 0.0]","[[1, 2405], [43, 1118], [58, 919], [53, 882], [39, 844], [46, 761], [47, 699], [0, 661]]","{""0"": 1875, ""1"": 1870, ""2"": 1840, ""3"": 1843, ""4"": 1825, ""5"": 1785, ""6"": 1771, ""7"": 1745}","[0.9142508391821789, 0.8489472078120232, 0.8830891330891331, 0.9331705828501679, 0.8620689655172413]",0.002830557292327285,-0.04195091500878334
17,4,1,0.78240966796875,3.052188158202668,"{""1"": 0.16249317419455495, ""2"": 0.269677821982994, ""3"": 0.2292690537483423, ""4"": 0.1457211951010219, ""5"": 0.11365941181059365, ""6"": 0.05015991887042671, ""7"": 0.023012715500429052, ""8"": 0.004992589125516811, ""9"": 0.0007800920508620017, ""10"": 0.0002340276152586005}","[0.2604727357828224, 0.0, 0.0, 0.0, 0.0, 0.08737030969654419, 0.22310632654653248, 0.39293236601919024, 0.37623839613074345, 0.1779389968016226, 0.15929479678602074, 0.08089554567438957, 0.3220219985958343, 0.11116311724783524, 0.48155082299711366, 0.1873781106170528, 0.19182463530696622, 0.0, 0.0, 0.0, 0.0, 0.0, 0.0, 0.0, 0.0, 0.0, 0.0, 0.0, 0.0, 0.0, 0.0, 0.0, 0.0]","[[1, 2367], [43, 1340], [58, 919], [53, 882], [39, 844], [46, 761], [57, 753], [52, 704]]","{""0"": 1460, ""1"": 1564, ""2"": 1586, ""3"": 1603, ""4"": 1674, ""5"": 1657, ""6"": 1636, ""7"": 1639}","[0.8040891058895331, 0.666768385718645, 0.764041514041514, 0.8574916081782118, 0.8196521208422337]",0.031223727390170097,-0.02714686095714569
18,4,2,0.68798828125,3.06458481192335,"{""1"": 0.14788857345635203, ""2"": 0.33055358410220015, ""3"": 0.1640347764371895, ""4"": 0.1761000709723208, ""5"": 0.08765081618168914, ""6"": 0.047551454932576294, ""7"": 0.03522001419446416, ""8"": 0.010113555713271823, ""9"": 0.0007984386089425125, ""10"": 8.87154009936125e-05}","[0.34430447125621005, 0.0, 0.0, 0.0, 0.0, 0.24103974449964513, 0.28885734563520227, 0.32771469127040453, 0.22107877927608233, 0.21336053938963803, 0.11036195883605394, 0.11808019872249823, 0.30145493257629524, 0.12162881476224273, 0.36985450674237047, 0.1896735273243435, 0.21717530163236337, 0.0, 0.0, 0.0, 0.0, 0.0, 0.0, 0.0, 0.0, 0.0, 0.0, 0.0, 0.0, 0.0, 0.0, 0.0, 0.0]","[[1, 2097], [43, 881], [57, 724], [56, 677], [0, 661], [53, 573], [39, 549], [58, 472]]","{""0"": 1513, ""1"": 1474, ""2"": 1438, ""3"": 1361, ""4"": 1316, ""5"": 1310, ""6"": 1390, ""7"": 1470}","[0.7332926457125419, 0.6185535550808666, 0.6599511599511599, 0.7107110161733292, 0.717424473603906]",0.01745760627090931,-0.051686402410268784
19,4,3,0.86395263671875,2.98382197103497,"{""1"": 0.2135641116213352, ""2"": 0.23871423525256094, ""3"": 0.21087954786294597, ""4"": 0.14284705051218652, ""5"": 0.11593076651359943, ""6"": 0.04924055104203462, ""7"": 0.018509360649947015, ""8"": 0.008830801836806783, ""9"": 0.0013422818791946308, ""10"": 0.00014129282938890852}","[0.3784528435181915, 0.0, 0.0, 0.0, 0.0, 0.18714235252560932, 0.2407629812787001, 0.42352525609325326, 0.19484281172730483, 0.2884493111974567, 0.12801130342635111, 0.08421052631578947, 0.2853408689509007, 0.111197456729071, 0.23412221829742141, 0.20762981278700107, 0.22013422818791947, 0.0, 0.0, 0.0, 0.0, 0.0, 0.0, 0.0, 0.0, 0.0, 0.0, 0.0, 0.0, 0.0, 0.0, 0.0, 0.0]","[[1, 2405], [43, 1008], [58, 916], [39, 792], [46, 761], [53, 713], [52, 704], [47, 699]]","{""0"": 1936, ""1"": 1883, ""2"": 1864, ""3"": 1788, ""4"": 1750, ""5"": 1719, ""6"": 1665, ""7"": 1550}","[0.8709185230393652, 0.8214830637778456, 0.8617216117216118, 0.9090631675312786, 0.8565761367104059]",0.0004373765259515494,-0.006273375358432531
20,5,0,0.59197998046875,2.931126920301062,"{""1"": 0.286524383957109, ""2"": 0.15908856583152903, ""3"": 0.22342509537065677, ""4"": 0.16640890813485926, ""5"": 0.06124342715743891, ""6"": 0.05567584287039901, ""7"": 0.03433343643674606, ""8"": 0.009794824208681307, ""9"": 0.0035055160325806784}","[0.49871120734096297, 0.0, 0.0, 0.0, 0.0, 0.0, 0.0, 0.0, 0.0, 0.15846994535519127, 0.2344571605320136, 0.17764718012166203, 0.3695226311990927, 0.11217651304258171, 0.14733477678111145, 0.3589029796886277, 0.4050933085885143, 0.20115475822249718, 0.0657799773172492, 0.07969893803484895, 0.12217754407670894, 0.0, 0.0, 0.0, 0.0, 0.0, 0.0, 0.0, 0.0, 0.0, 0.0, 0.0, 0.0]","[[43, 1306], [53, 809], [39, 720], [52, 704], [56, 677], [46, 600], [57, 591], [58, 591]]","{""0"": 1286, ""1"": 1175, ""2"": 1167, ""3"": 1148, ""4"": 1204, ""5"": 1217, ""6"": 1217, ""7"": 1285}","[0.6023802258162954, 0.7177296307598413, 0.605006105006105, 0.4586512053707659, 0.576136710405859]",0.010367213748395443,-0.01036861538887024
21,5,1,0.53778076171875,2.988991033934854,"{""1"": 0.3042787424809897, ""2"": 0.1487912836227443, ""3"": 0.1920326864147089, ""4"": 0.15333106344342298, ""5"": 0.08568834411531041, ""6"": 0.0547043468391783, ""7"": 0.04914311655884689, ""8"": 0.011235955056179775, ""9"": 0.000794461468618772}","[0.23924639654976734, 0.0, 0.0, 0.0, 0.0, 0.0, 0.0, 0.0, 0.0, 0.36386335262739755, 0.1457269322437862, 0.1282487799341732, 0.3087050278061514, 0.1898762909998865, 0.22256270570877312, 0.26784700942004314, 0.36147996822154127, 0.12393598910452842, 0.3713539893315174, 0.11258653955283168, 0.15355805243445692, 0.0, 0.0, 0.0, 0.0, 0.0, 0.0, 0.0, 0.0, 0.0, 0.0, 0.0, 0.0]","[[1, 2405], [0, 661], [53, 600], [39, 543], [43, 509], [47, 506], [58, 423], [6, 280]]","{""0"": 984, ""1"": 1087, ""2"": 1157, ""3"": 1148, ""4"": 1114, ""5"": 1096, ""6"": 1147, ""7"": 1078}","[0.518462007934086, 0.400976502898993, 0.5323565323565324, 0.6704302715898688, 0.5666768385718645]",0.007362117525190115,-0.028030626475811005
22,5,2,0.63446044921875,2.7523809523809524,"{""1"": 0.33131313131313134, ""2"": 0.1873015873015873, ""3"": 0.17267917267917268, ""4"": 0.13006253006253007, ""5"": 0.09802789802789803, ""6"": 0.05367965367965368, ""7"": 0.021164021164021163, ""8"": 0.004425204425204425, ""9"": 0.0010582010582010583, ""10"": 0.0002886002886002886}","[0.4122174122174122, 0.0, 0.0, 0.0, 0.0, 0.0, 0.0, 0.0, 0.0, 0.22433862433862434, 0.09562289562289562, 0.14035594035594035, 0.2864838864838865, 0.13756613756613756, 0.2175084175084175, 0.2073112073112073, 0.2281866281866282, 0.2175084175084175, 0.283020683020683, 0.1113997113997114, 0.19086099086099087, 0.0, 0.0, 0.0, 0.0, 0.0, 0.0, 0.0, 0.0, 0.0, 0.0, 0.0, 0.0]","[[1, 2403], [0, 610], [46, 599], [53, 586], [43, 356], [59, 349], [58, 331], [47, 294]]","{""0"": 1358, ""1"": 1335, ""2"": 1358, ""3"": 1334, ""4"": 1272, ""5"": 1233, ""6"": 1276, ""7"": 1229}","[0.621910283796155, 0.6093988404028075, 0.644993894993895, 0.6951480012206286, 0.6008544400366188]",0.004342702683061361,-0.03913778066635132
23,5,3,0.706787109375,3.0684801381692575,"{""1"": 0.24283246977547496, ""2"": 0.23756476683937824, ""3"": 0.1584628670120898, ""4"": 0.15250431778929188, ""5"": 0.0846286701208981, ""6"": 0.059758203799654575, ""7"": 0.041105354058721934, ""8"": 0.016493955094991363, ""9"": 0.003626943005181347, ""10"": 0.0022452504317789293, ""11"": 0.000690846286701209, ""12"": 8.635578583765112e-05}","[0.3617443868739206, 0.0, 0.0, 0.0, 0.0, 0.0, 0.0, 0.0, 0.0, 0.2538860103626943, 0.14766839378238342, 0.11157167530224525, 0.3606217616580311, 0.17098445595854922, 0.5369602763385147, 0.2613989637305699, 0.2676165803108808, 0.1837651122625216, 0.19645941278065632, 0.0694300518134715, 0.14637305699481865, 0.0, 0.0, 0.0, 0.0, 0.0, 0.0, 0.0, 0.0, 0.0, 0.0, 0.0, 0.0]","[[43, 1337], [1, 1320], [58, 919], [53, 873], [39, 844], [46, 761], [57, 754], [52, 704]]","{""0"": 1403, ""1"": 1441, ""2"": 1422, ""3"": 1487, ""4"": 1503, ""5"": 1444, ""6"": 1422, ""7"": 1458}","[0.7839487335978028, 0.7021666158071407, 0.7029914529914529, 0.6695148001220629, 0.6753127860848337]",0.00665408605709672,-0.03849644958972931
24,6,0,0.74755859375,2.717994774657087,"{""1"": 0.2961299804049641, ""2"": 0.2122795558458524, ""3"": 0.19203135205747876, ""4"": 0.16655780535597647, ""5"": 0.07274657086871326, ""6"": 0.037802090137165255, ""7"": 0.016165904637491835, ""8"": 0.005306988896146309, ""9"": 0.0009797517962116264}","[0.34340300457217504, 0.0, 0.0, 0.0, 0.0, 0.0, 0.0, 0.0, 0.0, 0.0, 0.0, 0.0, 0.0, 0.17243631613324625, 0.35883409536250815, 0.4145983017635532, 0.42292619203135207, 0.21938275636838667, 0.17366100587851077, 0.07772697583278902, 0.10360875244937949, 0.053478118876551274, 0.21954604833442196, 0.08401371652514696, 0.07437949052906596, 0.0, 0.0, 0.0, 0.0, 0.0, 0.0, 0.0, 0.0]","[[1, 1339], [58, 895], [53, 877], [43, 869], [39, 823], [46, 761], [47, 698], [0, 661]]","{""0"": 1642, ""1"": 1542, ""2"": 1523, ""3"": 1515, ""4"": 1500, ""5"": 1442, ""6"": 1503, ""7"": 1581}","[0.8086664632285627, 0.7635032041501373, 0.7637362637362637, 0.7033872444308819, 0.698504729935917]",0.004166425205767155,-0.007609572261571884
25,6,1,0.6502685546875,2.899474375821288,"{""1"": 0.17007696639759715, ""2"": 0.34944621738314247, ""3"": 0.16444527876853765, ""4"": 0.14191852825229961, ""5"": 0.1023089919279144, ""6"": 0.04824479068894312, ""7"": 0.020086352543645578, ""8"": 0.003379012577435705, ""9"": 9.386146048432514e-05}","[0.3308616482072461, 0.0, 0.0, 0.0, 0.0, 0.0, 0.0, 0.0, 0.0, 0.0, 0.0, 0.0, 0.0, 0.1968274826356298, 0.2920030035667355, 0.4324197484512859, 0.6303735686127276, 0.2374694950253426, 0.030223390275952694, 0.054721231462361554, 0.07715412051811527, 0.2042425380138915, 0.10146423878355547, 0.08672798948751642, 0.22498592078092736, 0.0, 0.0, 0.0, 0.0, 0.0, 0.0, 0.0, 0.0]","[[43, 1169], [46, 744], [39, 722], [52, 704], [56, 677], [53, 644], [58, 627], [47, 587]]","{""0"": 1375, ""1"": 1306, ""2"": 1340, ""3"": 1283, ""4"": 1311, ""5"": 1324, ""6"": 1340, ""7"": 1375}","[0.8071406774488862, 0.7656393042416845, 0.6224053724053724, 0.46750076289288983, 0.5886481537992065]",0.014210774563252926,-0.04035187140107155
26,6,2,0.5615234375,2.363369565217391,"{""1"": 0.48130434782608694, ""2"": 0.11402173913043478, ""3"": 0.16217391304347825, ""4"": 0.10956521739130434, ""5"": 0.08391304347826087, ""6"": 0.035869565217391305, ""7"": 0.01108695652173913, ""8"": 0.0018478260869565217, ""9"": 0.00010869565217391305, ""10"": 0.00010869565217391305}","[0.3658695652173913, 0.0, 0.0, 0.0, 0.0, 0.0, 0.0, 0.0, 0.0, 0.0, 0.0, 0.0, 0.0, 0.18217391304347827, 0.1325, 0.26206521739130434, 0.2375, 0.2108695652173913, 0.3275, 0.044782608695652176, 0.1292391304347826, 0.026304347826086958, 0.26, 0.08847826086956521, 0.09608695652173913, 0.0, 0.0, 0.0, 0.0, 0.0, 0.0, 0.0, 0.0]","[[1, 2405], [46, 693], [0, 503], [58, 365], [47, 361], [53, 353], [43, 294], [6, 274]]","{""0"": 1115, ""1"": 1166, ""2"": 1174, ""3"": 1190, ""4"": 1131, ""5"": 1113, ""6"": 1165, ""7"": 1146}","[0.47543484894720783, 0.5221238938053098, 0.5949328449328449, 0.6652425999389686, 0.5498931949954227]",0.020456040278077126,-0.051629237830638885
27,6,3,0.575927734375,2.916172106824926,"{""1"": 0.13819415006358626, ""2"": 0.2789317507418398, ""3"": 0.29376854599406527, ""4"": 0.16352267910131413, ""5"": 0.08149639677829588, ""6"": 0.032958880881729546, ""7"": 0.009961848240779992, ""8"": 0.000741839762611276, ""9"": 0.000423908435777872}","[0.2884696905468419, 0.0, 0.0, 0.0, 0.0, 0.0, 0.0, 0.0, 0.0, 0.0, 0.0, 0.0, 0.0, 0.11286562102585841, 0.3264094955489614, 0.589444679949131, 0.6513353115727003, 0.30712166172106825, 0.09824077999152184, 0.042602797795676134, 0.10014836795252226, 0.15515048749470114, 0.134061042814752, 0.07111064010173802, 0.03921153030945316, 0.0, 0.0, 0.0, 0.0, 0.0, 0.0, 0.0, 0.0]","[[43, 1359], [53, 872], [39, 844], [52, 704], [47, 680], [56, 677], [58, 629], [57, 579]]","{""0"": 1181, ""1"": 1157, ""2"": 1211, ""3"": 1148, ""4"": 1194, ""5"": 1158, ""6"": 1186, ""7"": 1201}","[0.5736954531583766, 0.6661580714067745, 0.601037851037851, 0.46872139151663106, 0.5700335672871529]",-0.0007479931227862835,-0.02669643424451351
28,7,0,0.709228515625,2.742168674698795,"{""1"": 0.3221170395869191, ""2"": 0.1644578313253012, ""3"": 0.20929432013769364, ""4"": 0.1514629948364888, ""5"": 0.09414802065404475, ""6"": 0.03261617900172117, ""7"": 0.016867469879518072, ""8"": 0.008433734939759036, ""9"": 0.0006024096385542169}","[0.2111015490533563, 0.0, 0.0, 0.0, 0.0, 0.0, 0.0, 0.0, 0.0, 0.0, 0.0, 0.0, 0.0, 0.0, 0.0, 0.0, 0.0, 0.4604130808950086, 0.4179001721170396, 0.06471600688468158, 0.27435456110154904, 0.236144578313253, 0.16204819277108434, 0.05869191049913942, 0.34053356282271946, 0.046643717728055076, 0.24913941480206542, 0.12590361445783133, 0.09457831325301205, 0.0, 0.0, 0.0, 0.0]","[[1, 2405], [43, 1365], [58, 896], [39, 844], [53, 801], [57, 740], [47, 699], [0, 661]]","{""0"": 1434, ""1"": 1452, ""2"": 1432, ""3"": 1482, ""4"": 1473, ""5"": 1445, ""6"": 1460, ""7"": 1442}","[0.7165090021361001, 0.5804089105889533, 0.6941391941391941, 0.8117180347879158, 0.7433628318584071]",0.011011185124516487,-0.01955399662256241
29,7,1,0.5423583984375,2.2611973891514743,"{""1"": 0.4866081476479856, ""2"": 0.14202115687598468, ""3"": 0.14956110735989198, ""4"": 0.1170380373621427, ""5"": 0.06662165203691199, ""6"": 0.027796533873508892, ""7"": 0.009002925950934054, ""8"": 0.0013504388926401081}","[0.645059644384425, 0.0, 0.0, 0.0, 0.0, 0.0, 0.0, 0.0, 0.0, 0.0, 0.0, 0.0, 0.0, 0.0, 0.0, 0.0, 0.0, 0.1573261309925726, 0.06875984695025883, 0.19041188386225524, 0.15485032635606572, 0.16362817915822642, 0.11107359891964888, 0.03713706954760297, 0.16025208192662616, 0.12198964663515642, 0.3425613324330407, 0.06155750618951159, 0.04659014179608373, 0.0, 0.0, 0.0, 0.0]","[[46, 719], [56, 677], [52, 604], [43, 565], [53, 552], [57, 481], [58, 478], [50, 474]]","{""0"": 1178, ""1"": 1080, ""2"": 1058, ""3"": 1041, ""4"": 1058, ""5"": 1099, ""6"": 1140, ""7"": 1232}","[0.7195605736954531, 0.6896551724137931, 0.5207570207570208, 0.3304851998779371, 0.45132743362831856]",0.08927825838327408,-0.12227979302406311
30,7,2,0.47772216796875,2.1646863421489715,"{""1"": 0.5450364124185512, ""2"": 0.11089817299092884, ""3"": 0.11089817299092884, ""4"": 0.13645074741280183, ""5"": 0.06528682764788553, ""6"": 0.027596780375622843, ""7"": 0.0034495975469528554, ""8"": 0.00025552574421873004, ""9"": 0.00012776287210936502}","[0.34674843490481666, 0.0, 0.0, 0.0, 0.0, 0.0, 0.0, 0.0, 0.0, 0.0, 0.0, 0.0, 0.0, 0.0, 0.0, 0.0, 0.0, 0.2987095949916954, 0.3950428005621566, 0.031685192283122526, 0.14130573655295772, 0.06030407563562029, 0.1719688258592053, 0.05596013798390188, 0.1917720710361569, 0.043056087900856015, 0.16353647629998722, 0.1738852689408458, 0.09071163919764916, 0.0, 0.0, 0.0, 0.0]","[[1, 2405], [46, 558], [53, 379], [47, 333], [58, 329], [6, 278], [51, 237], [59, 234]]","{""0"": 995, ""1"": 1002, ""2"": 944, ""3"": 1006, ""4"": 963, ""5"": 942, ""6"": 987, ""7"": 988}","[0.43973146170277694, 0.44491913335367717, 0.4887057387057387, 0.5755263960939884, 0.43973146170277694]",0.0011386718833819032,-0.11825770139694214
31,7,3,0.541748046875,3.1602073005858493,"{""1"": 0.19659756647138352, ""2"": 0.1473636773321316, ""3"": 0.23884632717440288, ""4"": 0.2359170797656602, ""5"": 0.11052275799909869, ""6"": 0.04698062190175755, ""7"": 0.018138801261829655, ""8"": 0.0034925642181162686, ""9"": 0.0021406038756196484}","[0.2280306444344299, 0.0, 0.0, 0.0, 0.0, 0.0, 0.0, 0.0, 0.0, 0.0, 0.0, 0.0, 0.0, 0.0, 0.0, 0.0, 0.0, 0.3716764308246958, 0.15401081568273997, 0.07334384858044164, 0.19918882379450203, 0.44885083370887785, 0.16426318161333933, 0.06545741324921135, 0.40547543938711134, 0.14330779630464174, 0.5325597115817936, 0.1473636773321316, 0.2266786840919333, 0.0, 0.0, 0.0, 0.0]","[[43, 1366], [39, 844], [53, 842], [46, 721], [52, 704], [47, 699], [0, 657], [58, 630]]","{""0"": 1110, ""1"": 1107, ""2"": 1081, ""3"": 1108, ""4"": 1127, ""5"": 1130, ""6"": 1102, ""7"": 1111}","[0.6743973146170278, 0.5675923100396705, 0.5305250305250305, 0.45315837656393043, 0.48306377784559046]",0.015326298773288727,-0.037720903754234314
