seed,batch,round,sequence,position,target_token,active_cells,nll_full,nll_keep80,nll_keep60,nll_keep40,nll_remove4,kept80,kept60,kept40,kept_remove4,marginal_last20,marginal_last4,utility_full_to40
1337,0,0,0,72,39,19,1.8120900392532349,1.728083610534668,1.673844337463379,1.5703119039535522,1.728083610534668,15,11,8,15,-0.0840064287185669,-0.0840064287185669,-0.24177813529968262
1337,0,0,1,124,43,24,3.7822327613830566,3.812516450881958,3.8155429363250732,3.9069814682006836,3.820072889328003,19,14,10,20,0.030283689498901367,0.03784012794494629,0.12474870681762695
1337,0,0,2,34,1,27,0.16203653812408447,0.19050413370132446,0.21659357845783234,0.5035508871078491,0.16488006711006165,22,16,11,23,0.02846759557723999,0.002843528985977173,0.34151434898376465
1337,0,0,3,47,42,23,2.61812686920166,2.566470146179199,2.8218748569488525,3.3093032836914062,2.5786263942718506,18,14,9,19,-0.05165672302246094,-0.03950047492980957,0.6911764144897461
1337,0,0,4,42,46,14,2.0980865955352783,2.031583786010742,2.1105542182922363,2.181985378265381,2.03019642829895,11,8,6,10,-0.06650280952453613,-0.06789016723632812,0.08389878273010254
1337,0,0,5,60,43,25,0.32286012172698975,0.2542252540588379,0.28697606921195984,0.5007835030555725,0.27596163749694824,20,15,10,21,-0.06863486766815186,-0.046898484230041504,0.17792338132858276
1337,0,0,6,39,1,27,0.4645942449569702,0.34113025665283203,6.58677339553833,6.809258460998535,0.522417426109314,22,16,11,23,-0.12346398830413818,0.05782318115234375,6.344664216041565
1337,0,0,7,76,58,22,2.00913143157959,2.014392375946045,2.044104814529419,2.066438674926758,2.014392375946045,18,13,9,18,0.005260944366455078,0.005260944366455078,0.05730724334716797
1337,0,1,0,32,51,26,3.520806312561035,3.504509925842285,3.3105664253234863,5.150490760803223,3.505253553390503,21,16,10,22,-0.01629638671875,-0.015552759170532227,1.6296844482421875
1337,0,1,1,25,47,19,2.4028828144073486,2.378622531890869,2.4573724269866943,2.619330406188965,2.378622531890869,15,11,8,15,-0.024260282516479492,-0.024260282516479492,0.2164475917816162
1337,0,1,2,44,52,24,2.855947256088257,3.2514045238494873,8.24910831451416,8.615890502929688,3.2567954063415527,19,14,10,20,0.39545726776123047,0.4008481502532959,5.759943246841431
1337,0,1,3,42,42,26,2.6455206871032715,2.7210001945495605,2.836643934249878,7.53028678894043,2.6772966384887695,21,16,10,22,0.07547950744628906,0.03177595138549805,4.884766101837158
1337,0,1,4,54,5,26,4.533413887023926,4.812498092651367,9.48354721069336,9.514335632324219,4.767943382263184,21,16,10,22,0.2790842056274414,0.2345294952392578,4.980921745300293
1337,0,1,5,68,1,19,2.281156539916992,2.6945228576660156,3.1715216636657715,3.7631723880767822,2.6945228576660156,15,11,8,15,0.41336631774902344,0.41336631774902344,1.48201584815979
1337,0,1,6,25,52,26,0.7803559303283691,0.6872372031211853,0.8266891241073608,6.844305515289307,0.6720542907714844,21,16,10,22,-0.09311872720718384,-0.10830163955688477,6.0639495849609375
1337,0,1,7,24,51,24,1.89775812625885,2.2241454124450684,2.968315362930298,5.7509660720825195,2.3968210220336914,19,14,10,20,0.32638728618621826,0.4990628957748413,3.8532079458236694
1337,0,2,0,41,1,25,0.14261513948440552,0.1399707794189453,5.424719333648682,5.318127632141113,0.13717246055603027,20,15,10,21,-0.002644360065460205,-0.005442678928375244,5.175512492656708
1337,0,2,1,116,8,18,4.169948577880859,4.216548919677734,4.28594970703125,4.48674201965332,4.216548919677734,14,11,7,14,0.046600341796875,0.046600341796875,0.31679344177246094
1337,0,2,2,32,1,27,0.04211190342903137,0.04297364503145218,0.062054336071014404,0.33783605694770813,0.04270365461707115,22,16,11,23,0.0008617416024208069,0.0005917511880397797,0.29572415351867676
1337,0,2,3,72,41,24,3.5948073863983154,3.602870225906372,3.5922679901123047,8.325605392456055,3.6069037914276123,19,14,10,20,0.00806283950805664,0.012096405029296875,4.730798006057739
1337,0,2,4,62,61,23,2.7676074504852295,2.7609715461730957,2.791921615600586,4.935736179351807,2.7695772647857666,18,14,9,19,-0.006635904312133789,0.0019698143005371094,2.168128728866577
1337,0,2,5,92,0,24,0.10456813871860504,0.045268841087818146,0.0421903058886528,0.03417297080159187,0.1046203225851059,19,14,10,20,-0.059299297630786896,5.218386650085449e-05,-0.07039516791701317
1337,0,2,6,98,61,23,2.4719133377075195,2.460721969604492,2.4599385261535645,3.2152366638183594,2.4532387256622314,18,14,9,19,-0.011191368103027344,-0.018674612045288086,0.7433233261108398
1337,0,2,7,118,41,23,3.341630458831787,3.3414173126220703,3.3355119228363037,3.2486491203308105,3.3455705642700195,18,14,9,19,-0.00021314620971679688,0.003940105438232422,-0.09298133850097656
1337,0,3,0,7,57,17,2.1389942169189453,2.0603291988372803,1.76408052444458,1.7183130979537964,2.0039186477661133,14,10,7,13,-0.07866501808166504,-0.13507556915283203,-0.4206811189651489
1337,0,3,1,75,58,28,0.8563862442970276,0.8574619293212891,1.0155307054519653,5.816638946533203,0.8636276125907898,22,17,11,24,0.0010756850242614746,0.007241368293762207,4.9602527022361755
1337,0,3,2,67,39,21,2.4334583282470703,2.4371397495269775,2.426410436630249,4.798128128051758,2.4371397495269775,17,13,8,17,0.0036814212799072266,0.0036814212799072266,2.3646697998046875
1337,0,3,3,122,44,29,3.158499240875244,3.355745315551758,5.237696170806885,4.921161651611328,3.0469956398010254,23,17,12,25,0.19724607467651367,-0.11150360107421875,1.762662410736084
1337,0,3,4,32,43,17,0.5730376243591309,0.47968512773513794,0.6562258005142212,1.3232414722442627,0.4731011986732483,14,10,7,13,-0.09335249662399292,-0.09993642568588257,0.7502038478851318
1337,0,3,5,59,60,25,3.292407512664795,4.943481922149658,9.66844654083252,10.04079818725586,3.278038263320923,20,15,10,21,1.6510744094848633,-0.01436924934387207,6.7483906745910645
1337,0,3,6,34,40,29,3.6979146003723145,3.5578413009643555,3.4875328540802,3.2172515392303467,3.664822578430176,23,17,12,25,-0.14007329940795898,-0.03309202194213867,-0.4806630611419678
1337,0,3,7,100,53,21,3.921020984649658,3.80723237991333,3.6672134399414062,3.4034364223480225,3.80723237991333,17,13,8,17,-0.11378860473632812,-0.11378860473632812,-0.5175845623016357
1337,0,4,0,25,43,21,0.7436735033988953,0.7172719240188599,1.3604748249053955,1.753424048423767,0.7172719240188599,17,13,8,17,-0.0264015793800354,-0.0264015793800354,1.0097505450248718
1337,0,4,1,47,50,16,4.868160247802734,4.832655906677246,4.927621364593506,4.701765060424805,4.833881855010986,13,10,6,12,-0.03550434112548828,-0.03427839279174805,-0.1663951873779297
1337,0,4,2,47,43,25,1.0281753540039062,1.0693848133087158,1.1711515188217163,1.2990223169326782,1.070389747619629,20,15,10,21,0.04120945930480957,0.042214393615722656,0.270846962928772
1337,0,4,3,58,0,22,0.2789335548877716,0.10024809837341309,0.09363477677106857,0.07370445877313614,0.10024809837341309,18,13,9,18,-0.17868545651435852,-0.17868545651435852,-0.20522909611463547
1337,0,4,4,124,0,23,2.9619300365448,2.792057514190674,2.61720609664917,3.2978124618530273,2.779099464416504,18,14,9,19,-0.16987252235412598,-0.1828305721282959,0.33588242530822754
1337,0,4,5,95,13,20,2.517610549926758,2.3586695194244385,2.390247106552124,2.3433942794799805,2.3586695194244385,16,12,8,16,-0.15894103050231934,-0.15894103050231934,-0.17421627044677734
1337,0,4,6,118,51,24,2.6776468753814697,2.665891647338867,2.6819374561309814,5.245273590087891,2.693711519241333,19,14,10,20,-0.011755228042602539,0.01606464385986328,2.567626714706421
1337,0,4,7,42,41,22,3.331160068511963,3.4193201065063477,3.371880054473877,3.996657133102417,3.4193201065063477,18,13,9,18,0.08816003799438477,0.08816003799438477,0.6654970645904541
1337,0,5,0,80,56,23,0.6155779957771301,0.6442286968231201,0.9512662887573242,2.998377561569214,0.6450698375701904,18,14,9,19,0.02865070104598999,0.029491841793060303,2.3827995657920837
1337,0,5,1,19,58,13,1.3058868646621704,1.1567342281341553,1.2067530155181885,1.9786711931228638,1.1884723901748657,10,8,5,9,-0.14915263652801514,-0.11741447448730469,0.6727843284606934
1337,0,5,2,60,43,22,4.213683128356934,4.171733379364014,4.137277126312256,3.7724413871765137,4.171733379364014,18,13,9,18,-0.04194974899291992,-0.04194974899291992,-0.4412417411804199
1337,0,5,3,112,0,22,0.12010412663221359,1.7051382064819336,1.7848644256591797,2.478079319000244,1.7051382064819336,18,13,9,18,1.58503407984972,1.58503407984972,2.3579751923680305
1337,0,5,4,106,43,23,0.2133805900812149,0.22828255593776703,0.3116322159767151,1.5350888967514038,0.21645601093769073,18,14,9,19,0.014901965856552124,0.00307542085647583,1.321708306670189
1337,0,5,5,89,50,22,5.422825813293457,5.404953479766846,5.494064807891846,5.455685138702393,5.404953479766846,18,13,9,18,-0.017872333526611328,-0.017872333526611328,0.03285932540893555
1337,0,5,6,61,1,19,0.25735849142074585,0.282124787569046,0.3920852839946747,0.4780595898628235,0.282124787569046,15,11,8,15,0.02476629614830017,0.02476629614830017,0.22070109844207764
1337,0,5,7,35,21,18,2.7650442123413086,2.295827865600586,2.2913894653320312,2.016179084777832,2.295827865600586,14,11,7,14,-0.46921634674072266,-0.46921634674072266,-0.7488651275634766
1337,0,6,0,91,56,19,4.832452774047852,4.8043365478515625,4.554193496704102,2.927227258682251,4.8043365478515625,15,11,8,15,-0.028116226196289062,-0.028116226196289062,-1.9052255153656006
1337,0,6,1,64,53,19,1.0475282669067383,1.0512902736663818,1.0497729778289795,1.1280791759490967,1.0512902736663818,15,11,8,15,0.0037620067596435547,0.0037620067596435547,0.0805509090423584
1337,0,6,2,61,52,25,1.6963642835617065,1.7171133756637573,7.860575199127197,7.760386943817139,1.712147831916809,20,15,10,21,0.02074909210205078,0.01578354835510254,6.064022660255432
1337,0,6,3,18,13,21,1.7361273765563965,1.7664234638214111,1.8586137294769287,6.195011615753174,1.7664234638214111,17,13,8,17,0.03029608726501465,0.03029608726501465,4.458884239196777
1337,0,6,4,103,47,20,2.685027599334717,2.6099112033843994,2.3492794036865234,3.225086212158203,2.6099112033843994,16,12,8,16,-0.07511639595031738,-0.07511639595031738,0.5400586128234863
1337,0,6,5,120,6,23,2.2537546157836914,2.285665273666382,2.4165427684783936,2.554053544998169,2.2346272468566895,18,14,9,19,0.03191065788269043,-0.019127368927001953,0.30029892921447754
1337,0,6,6,25,52,26,0.7803559303283691,0.6872372031211853,0.8266891241073608,6.844305515289307,0.6720542907714844,21,16,10,22,-0.09311872720718384,-0.10830163955688477,6.0639495849609375
1337,0,6,7,1,10,29,4.841841220855713,5.103250503540039,5.421319484710693,5.603689670562744,4.951312065124512,23,17,12,25,0.26140928268432617,0.10947084426879883,0.7618484497070312
1337,0,7,0,96,0,28,0.1319943219423294,0.1285698264837265,0.09719247370958328,0.01431258674710989,0.1291177123785019,22,17,11,24,-0.0034244954586029053,-0.0028766095638275146,-0.11768173519521952
1337,0,7,1,79,47,25,2.8051817417144775,2.6385884284973145,2.2391109466552734,2.1851205825805664,2.7426929473876953,20,15,10,21,-0.16659331321716309,-0.06248879432678223,-0.6200611591339111
1337,0,7,2,53,44,25,1.3755916357040405,2.1427695751190186,2.9977827072143555,4.696681976318359,1.8471828699111938,20,15,10,21,0.767177939414978,0.4715912342071533,3.321090340614319
1337,0,7,3,113,32,22,4.197458744049072,5.597644329071045,5.584207534790039,5.6158552169799805,5.597644329071045,18,13,9,18,1.4001855850219727,1.4001855850219727,1.4183964729309082
1337,0,7,4,25,63,26,3.420234441757202,3.3924756050109863,3.2634024620056152,3.014164447784424,3.378941774368286,21,16,10,22,-0.02775883674621582,-0.041292667388916016,-0.4060699939727783
1337,0,7,5,31,47,18,2.7587790489196777,2.70296573638916,2.7282140254974365,2.693859100341797,2.70296573638916,14,11,7,14,-0.05581331253051758,-0.05581331253051758,-0.06491994857788086
1337,0,7,6,87,32,18,1.1956801414489746,1.1518758535385132,1.2261874675750732,1.4556868076324463,1.1518758535385132,14,11,7,14,-0.043804287910461426,-0.043804287910461426,0.2600066661834717
1337,0,7,7,89,31,20,3.593557119369507,3.1671392917633057,2.7625033855438232,3.251378297805786,3.1671392917633057,16,12,8,16,-0.42641782760620117,-0.42641782760620117,-0.3421788215637207
1337,1,0,0,101,57,27,0.5233837366104126,0.796282172203064,0.6067183017730713,3.3110902309417725,0.7564737796783447,22,16,11,23,0.27289843559265137,0.23309004306793213,2.78770649433136
1337,1,0,1,124,58,22,1.9685596227645874,1.997851848602295,2.5956645011901855,2.444399356842041,1.997851848602295,18,13,9,18,0.02929222583770752,0.02929222583770752,0.4758397340774536
1337,1,0,2,82,47,28,3.8400323390960693,3.8475284576416016,4.054833889007568,3.397775173187256,3.839627981185913,22,17,11,24,0.0074961185455322266,-0.00040435791015625,-0.4422571659088135
1337,1,0,3,53,50,13,4.993678092956543,4.815601348876953,4.58172607421875,3.856236457824707,4.77358341217041,10,8,5,9,-0.17807674407958984,-0.2200946807861328,-1.137441635131836
1337,1,0,4,93,57,27,0.5712195634841919,0.6616817116737366,0.8818278312683105,3.3266944885253906,0.6911438703536987,22,16,11,23,0.09046214818954468,0.11992430686950684,2.7554749250411987
1337,1,0,5,94,43,20,2.5777809619903564,2.578953266143799,2.5727124214172363,1.7065362930297852,2.578953266143799,16,12,8,16,0.0011723041534423828,0.0011723041534423828,-0.8712446689605713
1337,1,0,6,58,40,23,2.9177286624908447,2.8998970985412598,2.906805992126465,2.741072416305542,2.920226573944092,18,14,9,19,-0.01783156394958496,0.0024979114532470703,-0.17665624618530273
1337,1,0,7,78,53,15,1.7821333408355713,1.7952086925506592,1.9184751510620117,1.6735987663269043,1.8395309448242188,12,9,6,11,0.01307535171508789,0.05739760398864746,-0.10853457450866699
1337,1,1,0,80,54,19,1.9938397407531738,2.0149714946746826,2.211463689804077,2.497676134109497,2.0149714946746826,15,11,8,15,0.02113175392150879,0.02113175392150879,0.5038363933563232
1337,1,1,1,55,53,22,3.055208683013916,3.056593894958496,3.0589542388916016,2.5931994915008545,3.056593894958496,18,13,9,18,0.0013852119445800781,0.0013852119445800781,-0.4620091915130615
1337,1,1,2,1,47,24,1.7115907669067383,1.721069574356079,1.7430698871612549,1.9338934421539307,1.7336560487747192,19,14,10,20,0.00947880744934082,0.022065281867980957,0.22230267524719238
1337,1,1,3,30,47,22,1.6229794025421143,1.5945262908935547,1.516826868057251,1.4985485076904297,1.5945262908935547,18,13,9,18,-0.02845311164855957,-0.02845311164855957,-0.12443089485168457
1337,1,1,4,109,15,23,1.793304681777954,2.856387138366699,2.803492307662964,2.658337116241455,2.845198154449463,18,14,9,19,1.0630824565887451,1.0518934726715088,0.865032434463501
1337,1,1,5,57,37,21,3.8896803855895996,6.976927280426025,6.641294002532959,7.091115951538086,6.976927280426025,17,13,8,17,3.087246894836426,3.087246894836426,3.2014355659484863
1337,1,1,6,123,46,22,2.6013927459716797,2.528809070587158,5.356587886810303,5.520605087280273,2.528809070587158,18,13,9,18,-0.07258367538452148,-0.07258367538452148,2.9192123413085938
1337,1,1,7,109,46,23,2.6037299633026123,2.592658519744873,2.558506965637207,3.3306894302368164,2.5743935108184814,18,14,9,19,-0.011071443557739258,-0.02933645248413086,0.7269594669342041
1337,1,2,0,12,1,18,0.7513408064842224,0.8242489099502563,0.8471518754959106,0.9335894584655762,0.8242489099502563,14,11,7,14,0.07290810346603394,0.07290810346603394,0.18224865198135376
1337,1,2,1,84,43,18,1.4997754096984863,1.3771682977676392,0.817833423614502,1.4598150253295898,1.3771682977676392,14,11,7,14,-0.12260711193084717,-0.12260711193084717,-0.039960384368896484
1337,1,2,2,3,1,24,0.6019375324249268,0.6433966755867004,0.6460474729537964,1.1349034309387207,0.6234786510467529,19,14,10,20,0.04145914316177368,0.021541118621826172,0.532965898513794
1337,1,2,3,86,43,24,4.494420051574707,4.4532952308654785,4.4032392501831055,2.5006818771362305,4.508311748504639,19,14,10,20,-0.041124820709228516,0.01389169692993164,-1.9937381744384766
1337,1,2,4,85,13,20,7.182436466217041,7.411687850952148,7.246448993682861,7.0426130294799805,7.411687850952148,16,12,8,16,0.22925138473510742,0.22925138473510742,-0.13982343673706055
1337,1,2,5,35,58,26,3.0502376556396484,3.130825996398926,3.3108444213867188,6.431359767913818,3.127209186553955,21,16,10,22,0.08058834075927734,0.07697153091430664,3.38112211227417
1337,1,2,6,121,43,20,0.8694788217544556,0.81924968957901,0.838416337966919,0.8872247934341431,0.81924968957901,16,12,8,16,-0.05022913217544556,-0.05022913217544556,0.0177459716796875
1337,1,2,7,15,43,25,1.4396545886993408,1.4640429019927979,1.72027587890625,2.9176487922668457,1.4387028217315674,20,15,10,21,0.02438831329345703,-0.0009517669677734375,1.4779942035675049
1337,1,3,0,94,1,17,1.2809189558029175,1.3998183012008667,1.7724380493164062,2.0061068534851074,1.4028260707855225,14,10,7,13,0.11889934539794922,0.12190711498260498,0.7251878976821899
1337,1,3,1,18,2,18,6.276131629943848,6.3485798835754395,6.261815547943115,6.477945804595947,6.3485798835754395,14,11,7,14,0.0724482536315918,0.0724482536315918,0.2018141746520996
1337,1,3,2,45,13,28,5.477240085601807,4.942456245422363,4.55566930770874,4.419732570648193,4.985496997833252,22,17,11,24,-0.5347838401794434,-0.4917430877685547,-1.0575075149536133
1337,1,3,3,46,43,24,4.58632755279541,4.544281959533691,4.554244041442871,4.227481842041016,4.552910804748535,19,14,10,20,-0.04204559326171875,-0.033416748046875,-0.35884571075439453
1337,1,3,4,24,1,13,1.1106098890304565,1.3523516654968262,1.3010599613189697,1.2342101335525513,1.6171607971191406,10,8,5,9,0.24174177646636963,0.5065509080886841,0.12360024452209473
1337,1,3,5,44,42,23,2.1080894470214844,2.11171293258667,2.2641422748565674,2.5395119190216064,2.0575764179229736,18,14,9,19,0.003623485565185547,-0.05051302909851074,0.43142247200012207
1337,1,3,6,86,42,25,4.232281684875488,4.692265033721924,4.500813007354736,4.008109092712402,4.439632415771484,20,15,10,21,0.45998334884643555,0.2073507308959961,-0.22417259216308594
1337,1,3,7,47,58,23,1.6960773468017578,1.8986108303070068,2.0712780952453613,5.877194404602051,1.8979933261871338,18,14,9,19,0.20253348350524902,0.20191597938537598,4.181117057800293
1337,1,4,0,104,43,27,1.1742931604385376,1.1983318328857422,1.136053442955017,1.576589822769165,1.1966359615325928,22,16,11,23,0.02403867244720459,0.022342801094055176,0.40229666233062744
1337,1,4,1,15,57,24,2.5902886390686035,2.5227456092834473,2.5034077167510986,6.758601665496826,2.546865463256836,19,14,10,20,-0.06754302978515625,-0.04342317581176758,4.168313026428223
1337,1,4,2,94,53,22,1.1394857168197632,1.1498502492904663,1.1083176136016846,1.1421875953674316,1.1498502492904663,18,13,9,18,0.010364532470703125,0.010364532470703125,0.002701878547668457
1337,1,4,3,51,57,22,2.891537666320801,4.054834365844727,7.4441728591918945,7.53594446182251,4.054834365844727,18,13,9,18,1.1632966995239258,1.1632966995239258,4.644406795501709
1337,1,4,4,89,52,27,3.930210590362549,3.565753221511841,4.368731498718262,4.212785720825195,3.807206630706787,22,16,11,23,-0.364457368850708,-0.12300395965576172,0.2825751304626465
1337,1,4,5,94,43,20,2.5777809619903564,2.578953266143799,2.5727124214172363,1.7065362930297852,2.578953266143799,16,12,8,16,0.0011723041534423828,0.0011723041534423828,-0.8712446689605713
1337,1,4,6,73,47,13,2.784419536590576,2.540146589279175,2.455467700958252,2.5599606037139893,2.4803993701934814,10,8,5,9,-0.24427294731140137,-0.3040201663970947,-0.22445893287658691
1337,1,4,7,74,59,20,0.8282589912414551,0.7975605726242065,1.1438822746276855,1.2515769004821777,0.7975605726242065,16,12,8,16,-0.030698418617248535,-0.030698418617248535,0.42331790924072266
1337,1,5,0,15,39,25,1.8860235214233398,1.8647925853729248,1.7590100765228271,1.586246132850647,1.8644740581512451,20,15,10,21,-0.02123093605041504,-0.021549463272094727,-0.29977738857269287
1337,1,5,1,100,58,18,1.3256990909576416,1.3400137424468994,2.1709632873535156,3.225985050201416,1.3400137424468994,14,11,7,14,0.014314651489257812,0.014314651489257812,1.9002859592437744
1337,1,5,2,48,13,16,2.4244189262390137,3.277688503265381,2.9143381118774414,3.0872881412506104,3.275803804397583,13,10,6,12,0.8532695770263672,0.8513848781585693,0.6628692150115967
1337,1,5,3,118,11,18,4.367924690246582,4.358664512634277,4.14232873916626,3.6780688762664795,4.358664512634277,14,11,7,14,-0.009260177612304688,-0.009260177612304688,-0.6898558139801025
1337,1,5,4,95,58,23,1.9768028259277344,1.9530038833618164,1.9224779605865479,3.560152292251587,1.982130527496338,18,14,9,19,-0.02379894256591797,0.005327701568603516,1.5833494663238525
1337,1,5,5,95,56,21,2.2064197063446045,3.7924611568450928,4.841669082641602,4.688776969909668,3.7924611568450928,17,13,8,17,1.5860414505004883,1.5860414505004883,2.4823572635650635
1337,1,5,6,123,46,22,2.6013927459716797,2.528809070587158,5.356587886810303,5.520605087280273,2.528809070587158,18,13,9,18,-0.07258367538452148,-0.07258367538452148,2.9192123413085938
1337,1,5,7,118,42,27,0.1562550663948059,0.16240598261356354,0.1730222851037979,0.5894826054573059,0.15764205157756805,22,16,11,23,0.006150916218757629,0.001386985182762146,0.4332275390625
1337,1,6,0,96,44,24,0.5873976945877075,0.525775671005249,8.356432914733887,5.190995216369629,0.5282149314880371,19,14,10,20,-0.061622023582458496,-0.05918276309967041,4.603597521781921
1337,1,6,1,124,58,22,1.9685596227645874,1.997851848602295,2.5956645011901855,2.444399356842041,1.997851848602295,18,13,9,18,0.02929222583770752,0.02929222583770752,0.4758397340774536
1337,1,6,2,16,10,20,0.24937565624713898,0.27597612142562866,0.30037328600883484,1.359220027923584,0.27597612142562866,16,12,8,16,0.026600465178489685,0.026600465178489685,1.109844371676445
1337,1,6,3,111,46,24,3.3985674381256104,3.572537422180176,4.708886623382568,3.154409885406494,3.495349884033203,19,14,10,20,0.17396998405456543,0.09678244590759277,-0.2441575527191162
1337,1,6,4,72,47,27,2.618964672088623,2.6144652366638184,2.688551425933838,2.030332565307617,2.618361711502075,22,16,11,23,-0.0044994354248046875,-0.0006029605865478516,-0.5886321067810059
1337,1,6,5,114,32,19,1.4227018356323242,1.3153647184371948,1.1824369430541992,1.1865854263305664,1.3153647184371948,15,11,8,15,-0.1073371171951294,-0.1073371171951294,-0.2361164093017578
1337,1,6,6,25,39,24,2.759230613708496,2.7934813499450684,2.9362149238586426,3.9815096855163574,2.8447272777557373,19,14,10,20,0.034250736236572266,0.08549666404724121,1.2222790718078613
1337,1,6,7,83,47,24,3.1162805557250977,3.107724189758301,3.0673489570617676,1.6168689727783203,3.114499092102051,19,14,10,20,-0.008556365966796875,-0.001781463623046875,-1.4994115829467773
1337,1,7,0,74,46,24,0.22231370210647583,0.28541815280914307,0.5099488496780396,1.614853024482727,0.2766488194465637,19,14,10,20,0.06310445070266724,0.05433511734008789,1.3925393223762512
1337,1,7,1,80,56,25,3.1080892086029053,3.118800640106201,4.931656360626221,5.889983654022217,3.142138719558716,20,15,10,21,0.010711431503295898,0.03404951095581055,2.7818944454193115
1337,1,7,2,45,13,28,5.477240085601807,4.942456245422363,4.55566930770874,4.419732570648193,4.985496997833252,22,17,11,24,-0.5347838401794434,-0.4917430877685547,-1.0575075149536133
1337,1,7,3,106,39,25,1.642991065979004,1.6610325574874878,1.673751950263977,1.8087403774261475,1.656147837638855,20,15,10,21,0.018041491508483887,0.013156771659851074,0.16574931144714355
1337,1,7,4,57,58,14,1.9926345348358154,1.8719896078109741,1.9212820529937744,1.9749770164489746,1.8430325984954834,11,8,6,10,-0.12064492702484131,-0.14960193634033203,-0.01765751838684082
1337,1,7,5,7,8,23,2.970649003982544,2.957223415374756,3.004810094833374,4.781036376953125,2.9327139854431152,18,14,9,19,-0.013425588607788086,-0.03793501853942871,1.810387372970581
1337,1,7,6,116,27,21,4.64247989654541,5.354125022888184,5.616838455200195,5.45111083984375,5.354125022888184,17,13,8,17,0.7116451263427734,0.7116451263427734,0.8086309432983398
1337,1,7,7,19,7,26,5.888813018798828,6.05330753326416,8.499543190002441,8.626691818237305,6.002228736877441,21,16,10,22,0.16449451446533203,0.11341571807861328,2.7378787994384766
1337,2,0,0,20,14,24,6.352245330810547,6.325202941894531,6.3343377113342285,6.4298906326293945,6.324294090270996,19,14,10,20,-0.027042388916015625,-0.02795124053955078,0.07764530181884766
1337,2,0,1,96,1,27,0.24397476017475128,0.2892705798149109,0.24750041961669922,0.25737178325653076,0.2801235616207123,22,16,11,23,0.04529581964015961,0.036148801445961,0.01339702308177948
1337,2,0,2,110,51,23,2.757526397705078,2.7925500869750977,2.8198015689849854,3.3603615760803223,2.7704665660858154,18,14,9,19,0.03502368927001953,0.012940168380737305,0.6028351783752441
1337,2,0,3,112,58,24,1.945155143737793,1.9659086465835571,1.911577820777893,2.480020523071289,1.9692795276641846,19,14,10,20,0.02075350284576416,0.0241243839263916,0.5348653793334961
1337,2,0,4,91,47,23,1.5797038078308105,1.4974987506866455,1.5678364038467407,1.660949945449829,1.4905346632003784,18,14,9,19,-0.08220505714416504,-0.08916914463043213,0.08124613761901855
1337,2,0,5,32,43,17,0.9225006103515625,0.6975377798080444,1.094840407371521,1.8400863409042358,0.7038474082946777,14,10,7,13,-0.22496283054351807,-0.21865320205688477,0.9175857305526733
1337,2,0,6,41,46,19,0.4847533106803894,0.4675609767436981,0.5382645130157471,0.49724531173706055,0.4675609767436981,15,11,8,15,-0.017192333936691284,-0.017192333936691284,0.012492001056671143
1337,2,0,7,67,58,21,2.0438106060028076,2.055680274963379,2.022268772125244,6.2120041847229,2.055680274963379,17,13,8,17,0.011869668960571289,0.011869668960571289,4.168193578720093
1337,2,1,0,25,57,23,3.025362014770508,3.0927655696868896,3.3107800483703613,4.225305080413818,3.105764389038086,18,14,9,19,0.06740355491638184,0.08040237426757812,1.1999430656433105
1337,2,1,1,108,0,23,0.4586389362812042,0.6066567897796631,0.7793866395950317,2.080728530883789,0.5995853543281555,18,14,9,19,0.14801785349845886,0.1409464180469513,1.6220895946025848
1337,2,1,2,61,58,23,2.126854419708252,2.159837484359741,2.140119791030884,6.652080535888672,2.154250144958496,18,14,9,19,0.03298306465148926,0.02739572525024414,4.52522611618042
1337,2,1,3,87,1,19,0.1385411024093628,0.15335680544376373,0.2235448807477951,0.2754024267196655,0.15335680544376373,15,11,8,15,0.01481570303440094,0.01481570303440094,0.13686132431030273
1337,2,1,4,56,42,22,3.197530746459961,3.1946916580200195,3.2178664207458496,6.787925720214844,3.1946916580200195,18,13,9,18,-0.0028390884399414062,-0.0028390884399414062,3.590394973754883
1337,2,1,5,47,54,23,2.278223752975464,2.1356399059295654,1.6596951484680176,2.061995267868042,2.1980953216552734,18,14,9,19,-0.14258384704589844,-0.08012843132019043,-0.21622848510742188
1337,2,1,6,89,44,23,3.048874855041504,3.0263845920562744,3.046553373336792,5.02408504486084,3.0292975902557373,18,14,9,19,-0.022490262985229492,-0.0195772647857666,1.975210189819336
1337,2,1,7,3,7,22,6.242481708526611,6.319136142730713,6.628258228302002,7.709715843200684,6.319136142730713,18,13,9,18,0.07665443420410156,0.07665443420410156,1.4672341346740723
1337,2,2,0,117,0,20,0.2528935670852661,0.5312354564666748,0.35170599818229675,0.5271095037460327,0.5312354564666748,16,12,8,16,0.2783418893814087,0.2783418893814087,0.2742159366607666
1337,2,2,1,125,47,21,3.363603115081787,3.099191665649414,3.060506820678711,2.9976329803466797,3.099191665649414,17,13,8,17,-0.26441144943237305,-0.26441144943237305,-0.3659701347351074
1337,2,2,2,42,1,26,0.6978854537010193,0.7320975065231323,1.068639874458313,2.1391258239746094,0.7310324907302856,21,16,10,22,0.03421205282211304,0.03314703702926636,1.44124037027359
1337,2,2,3,120,43,22,0.9613003730773926,0.9551790952682495,0.8876879811286926,1.053346037864685,0.9551790952682495,18,13,9,18,-0.006121277809143066,-0.006121277809143066,0.09204566478729248
1337,2,2,4,42,43,23,0.6611226797103882,0.6695188879966736,0.888041079044342,1.225706934928894,0.6994943022727966,18,14,9,19,0.0083962082862854,0.03837162256240845,0.5645842552185059
1337,2,2,5,76,53,22,0.1691903918981552,0.15083464980125427,0.1671503633260727,3.082653284072876,0.15083464980125427,18,13,9,18,-0.01835574209690094,-0.01835574209690094,2.9134628921747208
1337,2,2,6,19,44,29,3.209226131439209,3.1074676513671875,2.43379545211792,2.1756129264831543,3.1695525646209717,23,17,12,25,-0.10175848007202148,-0.039673566818237305,-1.0336132049560547
1337,2,2,7,68,46,24,0.24470937252044678,0.26609402894973755,0.3683370351791382,1.0528703927993774,0.26553794741630554,19,14,10,20,0.02138465642929077,0.020828574895858765,0.8081610202789307
1337,2,3,0,6,43,23,1.217621922492981,1.201169729232788,1.3360248804092407,2.4317004680633545,1.2313933372497559,18,14,9,19,-0.01645219326019287,0.013771414756774902,1.2140785455703735
1337,2,3,1,87,28,22,4.342198848724365,4.463869094848633,4.412191390991211,4.531406879425049,4.463869094848633,18,13,9,18,0.12167024612426758,0.12167024612426758,0.1892080307006836
1337,2,3,2,43,59,22,4.190717697143555,4.105337619781494,4.016059875488281,3.0035629272460938,4.105337619781494,18,13,9,18,-0.08538007736206055,-0.08538007736206055,-1.187154769897461
1337,2,3,3,22,1,26,0.3499613106250763,0.40172600746154785,0.4686582684516907,0.732587456703186,0.39756402373313904,21,16,10,22,0.05176469683647156,0.047602713108062744,0.38262614607810974
1337,2,3,4,67,45,23,1.9306416511535645,1.9793726205825806,1.8689894676208496,1.9715921878814697,1.9376747608184814,18,14,9,19,0.04873096942901611,0.007033109664916992,0.04095053672790527
1337,2,3,5,93,57,26,2.291264533996582,2.1735260486602783,2.1514906883239746,7.132672309875488,2.2833380699157715,21,16,10,22,-0.11773848533630371,-0.007926464080810547,4.841407775878906
1337,2,3,6,45,1,17,0.8524366617202759,0.9233125448226929,0.989302396774292,1.1610418558120728,0.934735119342804,14,10,7,13,0.07087588310241699,0.08229845762252808,0.3086051940917969
1337,2,3,7,70,1,24,0.09698996692895889,0.09492594748735428,0.10218235850334167,3.5865397453308105,0.09675213694572449,19,14,10,20,-0.0020640194416046143,-0.00023782998323440552,3.4895497784018517
1337,2,4,0,100,1,13,0.9944358468055725,1.0556496381759644,1.0324468612670898,0.9799060821533203,1.001997709274292,10,8,5,9,0.061213791370391846,0.007561862468719482,-0.014529764652252197
1337,2,4,1,11,53,26,4.38773250579834,4.408639907836914,4.518420219421387,6.0950212478637695,4.38814640045166,21,16,10,22,0.02090740203857422,0.0004138946533203125,1.7072887420654297
1337,2,4,2,49,1,20,0.36083313822746277,0.3584189713001251,0.36077770590782166,0.5372215509414673,0.3584189713001251,16,12,8,16,-0.0024141669273376465,-0.0024141669273376465,0.17638841271400452
1337,2,4,3,76,6,18,2.806131601333618,2.844167709350586,2.8598294258117676,3.066667318344116,2.844167709350586,14,11,7,14,0.03803610801696777,0.03803610801696777,0.26053571701049805
1337,2,4,4,97,57,26,2.8944830894470215,1.9569190740585327,4.6378889083862305,3.215261220932007,2.8802194595336914,21,16,10,22,-0.9375640153884888,-0.014263629913330078,0.32077813148498535
1337,2,4,5,57,32,16,3.8377931118011475,3.6384501457214355,3.8454174995422363,3.468989849090576,3.672414541244507,13,10,6,12,-0.19934296607971191,-0.16537857055664062,-0.3688032627105713
1337,2,4,6,21,21,25,3.8679137229919434,3.820925712585449,3.8022665977478027,7.925914764404297,3.877129077911377,20,15,10,21,-0.04698801040649414,0.009215354919433594,4.0580010414123535
1337,2,4,7,21,53,25,0.23854613304138184,0.18133534491062164,0.1736811399459839,0.2701664865016937,0.18748629093170166,20,15,10,21,-0.05721078813076019,-0.051059842109680176,0.03162035346031189
1337,2,5,0,67,6,22,4.589236259460449,4.5124053955078125,8.036189079284668,6.188975811004639,4.5124053955078125,18,13,9,18,-0.07683086395263672,-0.07683086395263672,1.5997395515441895
1337,2,5,1,52,57,22,2.700561046600342,2.7035205364227295,2.750941514968872,5.286762237548828,2.7035205364227295,18,13,9,18,0.0029594898223876953,0.0029594898223876953,2.5862011909484863
1337,2,5,2,107,56,29,1.4051777124404907,1.360636830329895,1.6871517896652222,4.384039878845215,1.3627562522888184,23,17,12,25,-0.0445408821105957,-0.04242146015167236,2.978862166404724
1337,2,5,3,41,57,19,2.828390121459961,2.743884801864624,2.7534923553466797,2.199572801589966,2.743884801864624,15,11,8,15,-0.08450531959533691,-0.08450531959533691,-0.6288173198699951
1337,2,5,4,56,42,22,3.197530746459961,3.1946916580200195,3.2178664207458496,6.787925720214844,3.1946916580200195,18,13,9,18,-0.0028390884399414062,-0.0028390884399414062,3.590394973754883
1337,2,5,5,66,57,28,1.7271556854248047,1.6479424238204956,2.1068694591522217,5.265804290771484,1.609190583229065,22,17,11,24,-0.07921326160430908,-0.11796510219573975,3.5386486053466797
1337,2,5,6,86,53,23,2.8073744773864746,2.7473182678222656,2.6817572116851807,2.4033632278442383,2.7525150775909424,18,14,9,19,-0.060056209564208984,-0.05485939979553223,-0.40401124954223633
1337,2,5,7,32,30,17,1.757250189781189,1.9449748992919922,2.049318790435791,2.330362558364868,1.9532692432403564,14,10,7,13,0.18772470951080322,0.19601905345916748,0.5731123685836792
1337,2,6,0,108,28,23,7.051818370819092,7.047269344329834,7.020308971405029,7.503581523895264,7.0194926261901855,18,14,9,19,-0.0045490264892578125,-0.03232574462890625,0.4517631530761719
1337,2,6,1,96,1,27,0.24397476017475128,0.2892705798149109,0.24750041961669922,0.25737178325653076,0.2801235616207123,22,16,11,23,0.04529581964015961,0.036148801445961,0.01339702308177948
1337,2,6,2,73,52,29,2.8188958168029785,3.2488369941711426,3.3511524200439453,7.6938700675964355,2.9707822799682617,23,17,12,25,0.42994117736816406,0.1518864631652832,4.874974250793457
1337,2,6,3,65,53,24,2.2120914459228516,2.116872787475586,1.8508096933364868,1.4476991891860962,2.297062635421753,19,14,10,20,-0.09521865844726562,0.08497118949890137,-0.7643922567367554
1337,2,6,4,16,47,24,2.078331470489502,1.9043197631835938,1.7259502410888672,1.5127923488616943,1.9017419815063477,19,14,10,20,-0.1740117073059082,-0.1765894889831543,-0.5655391216278076
1337,2,6,5,23,43,13,1.7487308979034424,1.6560746431350708,1.921325445175171,2.179320812225342,1.7251958847045898,10,8,5,9,-0.09265625476837158,-0.02353501319885254,0.4305899143218994
1337,2,6,6,82,56,25,4.875842094421387,4.762950897216797,4.7082648277282715,4.130221366882324,4.7250800132751465,20,15,10,21,-0.11289119720458984,-0.15076208114624023,-0.7456207275390625
1337,2,6,7,60,12,13,4.2395501136779785,4.193314075469971,4.187593936920166,4.4482340812683105,4.2169013023376465,10,8,5,9,-0.04623603820800781,-0.02264881134033203,0.20868396759033203
1337,2,7,0,72,19,23,6.092780113220215,6.092190742492676,6.123508930206299,5.62631893157959,6.0612640380859375,18,14,9,19,-0.0005893707275390625,-0.031516075134277344,-0.466461181640625
1337,2,7,1,67,58,23,2.2488622665405273,1.5477590560913086,6.850468158721924,6.910157203674316,2.237968921661377,18,14,9,19,-0.7011032104492188,-0.01089334487915039,4.661294937133789
1337,2,7,2,112,56,24,1.5331448316574097,1.5275547504425049,2.390566349029541,4.109625816345215,1.5273714065551758,19,14,10,20,-0.005590081214904785,-0.005773425102233887,2.576480984687805
1337,2,7,3,67,58,13,1.1274206638336182,1.1265686750411987,1.2578403949737549,2.0567855834960938,1.1462764739990234,10,8,5,9,-0.0008519887924194336,0.018855810165405273,0.9293649196624756
1337,2,7,4,98,58,13,1.4020148515701294,1.517643690109253,1.6610792875289917,3.4351511001586914,1.4434305429458618,10,8,5,9,0.11562883853912354,0.04141569137573242,2.033136248588562
1337,2,7,5,39,44,27,1.0808255672454834,0.9448108077049255,0.8102017641067505,5.995026588439941,0.9820005893707275,22,16,11,23,-0.13601475954055786,-0.09882497787475586,4.914201021194458
1337,2,7,6,5,52,27,1.0494130849838257,1.0910017490386963,1.040947437286377,5.550349712371826,1.0733871459960938,22,16,11,23,0.041588664054870605,0.023974061012268066,4.5009366273880005
1337,2,7,7,110,1,26,0.6677234768867493,0.6720032095909119,5.332409381866455,5.082339763641357,0.6678647994995117,21,16,10,22,0.004279732704162598,0.00014132261276245117,4.414616286754608
1337,3,0,0,78,39,23,2.555349588394165,2.545544385910034,2.5349483489990234,4.8960957527160645,2.5480427742004395,18,14,9,19,-0.00980520248413086,-0.007306814193725586,2.3407461643218994
1337,3,0,1,63,1,19,0.13742206990718842,0.14637766778469086,0.24098031222820282,0.25700077414512634,0.14637766778469086,15,11,8,15,0.008955597877502441,0.008955597877502441,0.11957870423793793
1337,3,0,2,106,1,18,0.1958867758512497,0.2001403421163559,0.21148885786533356,0.1723761409521103,0.2001403421163559,14,11,7,14,0.004253566265106201,0.004253566265106201,-0.023510634899139404
1337,3,0,3,7,54,25,3.01029896736145,2.7353978157043457,2.8689558506011963,1.9292535781860352,2.8405323028564453,20,15,10,21,-0.2749011516571045,-0.16976666450500488,-1.081045389175415
1337,3,0,4,111,46,26,1.3201706409454346,1.2448521852493286,1.1549373865127563,0.9903257489204407,1.3012232780456543,21,16,10,22,-0.07531845569610596,-0.018947362899780273,-0.3298448920249939
1337,3,0,5,15,56,28,1.7208296060562134,1.589310884475708,1.9600069522857666,2.0832035541534424,1.6359412670135498,22,17,11,24,-0.13151872158050537,-0.08488833904266357,0.362373948097229
1337,3,0,6,11,43,23,2.3497567176818848,2.359656810760498,2.653446912765503,2.654284715652466,2.3596694469451904,18,14,9,19,0.009900093078613281,0.009912729263305664,0.30452799797058105
1337,3,0,7,14,43,24,2.5164637565612793,2.624598741531372,2.587432384490967,2.563408851623535,2.573451519012451,19,14,10,20,0.10813498497009277,0.056987762451171875,0.04694509506225586
1337,3,1,0,36,53,24,1.661027193069458,1.648962378501892,1.3867876529693604,0.5167334079742432,1.6594783067703247,19,14,10,20,-0.012064814567565918,-0.0015488862991333008,-1.1442937850952148
1337,3,1,1,113,60,23,3.8148717880249023,3.8961868286132812,3.7144033908843994,10.224780082702637,3.818993091583252,18,14,9,19,0.0813150405883789,0.004121303558349609,6.409908294677734
1337,3,1,2,15,56,22,1.9894685745239258,2.518758773803711,5.292925834655762,6.421144008636475,2.518758773803711,18,13,9,18,0.5292901992797852,0.5292901992797852,4.431675434112549
1337,3,1,3,20,56,27,1.5838514566421509,1.6631031036376953,2.116276741027832,2.433102607727051,1.6917049884796143,22,16,11,23,0.07925164699554443,0.10785353183746338,0.8492511510848999
1337,3,1,4,64,53,26,1.1284403800964355,0.9792267084121704,0.9744431972503662,0.907226026058197,0.9861354231834412,21,16,10,22,-0.14921367168426514,-0.14230495691299438,-0.22121435403823853
1337,3,1,5,76,10,21,0.26951009035110474,0.2048511505126953,1.078897476196289,1.1578474044799805,0.2048511505126953,17,13,8,17,-0.06465893983840942,-0.06465893983840942,0.8883373141288757
1337,3,1,6,20,57,23,2.832430362701416,2.3809902667999268,5.153981685638428,6.341961860656738,2.375858783721924,18,14,9,19,-0.45144009590148926,-0.4565715789794922,3.5095314979553223
1337,3,1,7,65,59,28,1.3590686321258545,1.3485181331634521,2.6535446643829346,1.5076946020126343,1.433467149734497,22,17,11,24,-0.010550498962402344,0.07439851760864258,0.14862596988677979
1337,3,2,0,43,1,27,0.07109914720058441,0.061253175139427185,0.07608528435230255,0.12581117451190948,0.06387294083833694,22,16,11,23,-0.009845972061157227,-0.007226206362247467,0.05471202731132507
1337,3,2,1,23,57,25,3.6497697830200195,3.639352560043335,3.7288742065429688,3.0577073097229004,3.6540169715881348,20,15,10,21,-0.01041722297668457,0.004247188568115234,-0.5920624732971191
1337,3,2,2,48,58,23,1.8726952075958252,1.8889974355697632,1.8683111667633057,5.539033889770508,1.8829222917556763,18,14,9,19,0.01630222797393799,0.010227084159851074,3.6663386821746826
1337,3,2,3,67,40,21,3.1477370262145996,3.165740966796875,3.2118382453918457,4.734684944152832,3.165740966796875,17,13,8,17,0.01800394058227539,0.01800394058227539,1.5869479179382324
1337,3,2,4,68,1,26,0.1643468737602234,0.11705797910690308,0.11107756942510605,0.5458776354789734,0.16729922592639923,21,16,10,22,-0.04728889465332031,0.0029523521661758423,0.38153076171875
1337,3,2,5,16,57,18,2.322169542312622,2.3116555213928223,2.2320127487182617,2.091636896133423,2.3116555213928223,14,11,7,14,-0.010514020919799805,-0.010514020919799805,-0.23053264617919922
1337,3,2,6,27,43,26,0.5868006348609924,0.6267825961112976,0.7299270629882812,1.2491192817687988,0.6182509660720825,21,16,10,22,0.039981961250305176,0.03145033121109009,0.6623186469078064
1337,3,2,7,64,53,27,1.9085537195205688,1.9949287176132202,1.8258458375930786,2.170687198638916,2.01218318939209,22,16,11,23,0.08637499809265137,0.103629469871521,0.26213347911834717
1337,3,3,0,79,56,26,2.3914027214050293,2.4852938652038574,2.6998424530029297,5.0033464431762695,2.4879560470581055,21,16,10,22,0.09389114379882812,0.09655332565307617,2.6119437217712402
1337,3,3,1,46,1,18,0.4329710602760315,0.5124881267547607,0.49475401639938354,0.7997309565544128,0.5124881267547607,14,11,7,14,0.07951706647872925,0.07951706647872925,0.36675989627838135
1337,3,3,2,127,51,24,2.549527645111084,3.493596076965332,4.43703031539917,5.436026573181152,3.4926817417144775,19,14,10,20,0.944068431854248,0.9431540966033936,2.8864989280700684
1337,3,3,3,6,51,26,1.7200602293014526,1.6754716634750366,3.108116865158081,5.155927658081055,1.661272406578064,21,16,10,22,-0.044588565826416016,-0.05878782272338867,3.435867428779602
1337,3,3,4,115,56,23,4.362860679626465,4.33024263381958,4.287067413330078,3.5678887367248535,4.360975742340088,18,14,9,19,-0.032618045806884766,-0.0018849372863769531,-0.7949719429016113
1337,3,3,5,19,1,21,0.9250363111495972,0.9150809049606323,0.7099783420562744,1.0737119913101196,0.9150809049606323,17,13,8,17,-0.009955406188964844,-0.009955406188964844,0.14867568016052246
1337,3,3,6,57,63,19,3.019204616546631,3.00445556640625,4.3809075355529785,3.9084830284118652,3.00445556640625,15,11,8,15,-0.01474905014038086,-0.01474905014038086,0.8892784118652344
1337,3,3,7,122,1,22,0.9092129468917847,0.9570258855819702,1.2249559164047241,1.7764164209365845,0.9570258855819702,18,13,9,18,0.04781293869018555,0.04781293869018555,0.8672034740447998
1337,3,4,0,68,21,18,2.6680514812469482,2.1413285732269287,2.0274393558502197,1.6452250480651855,2.1413285732269287,14,11,7,14,-0.5267229080200195,-0.5267229080200195,-1.0228264331817627
1337,3,4,1,18,41,21,3.551642656326294,3.5726234912872314,3.5762174129486084,8.108603477478027,3.5726234912872314,17,13,8,17,0.0209808349609375,0.0209808349609375,4.556960821151733
1337,3,4,2,26,52,23,3.494907855987549,3.490649938583374,3.46142578125,7.307360649108887,3.4888556003570557,18,14,9,19,-0.004257917404174805,-0.006052255630493164,3.812452793121338
1337,3,4,3,59,42,26,0.11460936814546585,0.11339755356311798,0.10595015436410904,0.46411454677581787,0.123166523873806,21,16,10,22,-0.0012118145823478699,0.008557155728340149,0.349505178630352
1337,3,4,4,6,39,23,1.8348400592803955,1.8060122728347778,1.6627042293548584,1.5678892135620117,1.836571216583252,18,14,9,19,-0.028827786445617676,0.0017311573028564453,-0.2669508457183838
1337,3,4,5,107,31,23,5.969995498657227,5.945438385009766,6.005067825317383,7.099292755126953,5.937796592712402,18,14,9,19,-0.024557113647460938,-0.03219890594482422,1.1292972564697266
1337,3,4,6,42,58,29,4.205187797546387,4.268467903137207,3.4282472133636475,3.0059406757354736,4.240636825561523,23,17,12,25,0.06328010559082031,0.03544902801513672,-1.199247121810913
1337,3,4,7,57,24,21,2.580350399017334,2.7225611209869385,2.6564037799835205,2.9341304302215576,2.7225611209869385,17,13,8,17,0.1422107219696045,0.1422107219696045,0.35378003120422363
1337,3,5,0,112,0,22,0.20576763153076172,1.5980210304260254,2.0970301628112793,2.7554216384887695,1.5980210304260254,18,13,9,18,1.3922533988952637,1.3922533988952637,2.549654006958008
1337,3,5,1,113,60,23,3.8148717880249023,3.8961868286132812,3.7144033908843994,10.224780082702637,3.818993091583252,18,14,9,19,0.0813150405883789,0.004121303558349609,6.409908294677734
1337,3,5,2,39,39,25,1.4835504293441772,1.4513039588928223,1.4245145320892334,1.5145578384399414,1.4904766082763672,20,15,10,21,-0.03224647045135498,0.006926178932189941,0.03100740909576416
1337,3,5,3,103,39,24,1.23614501953125,2.753281593322754,1.5736600160598755,1.541161298751831,1.2034767866134644,19,14,10,20,1.517136573791504,-0.032668232917785645,0.30501627922058105
1337,3,5,4,28,53,26,4.311924934387207,4.101042747497559,0.6875351667404175,0.7318063974380493,4.181831359863281,21,16,10,22,-0.21088218688964844,-0.13009357452392578,-3.5801185369491577
1337,3,5,5,55,50,27,1.5857324600219727,1.9166529178619385,6.468840599060059,6.562833786010742,1.9588876962661743,22,16,11,23,0.3309204578399658,0.37315523624420166,4.9771013259887695
1337,3,5,6,58,1,20,0.8726922273635864,0.9373804330825806,0.8535434007644653,0.8462972044944763,0.9373804330825806,16,12,8,16,0.06468820571899414,0.06468820571899414,-0.026395022869110107
1337,3,5,7,110,50,23,3.04101300239563,5.449197292327881,3.730067729949951,2.9939756393432617,3.0473780632019043,18,14,9,19,2.408184289932251,0.006365060806274414,-0.047037363052368164
1337,3,6,0,88,53,24,1.7066150903701782,1.6594552993774414,1.392890214920044,1.6094237565994263,1.6976220607757568,19,14,10,20,-0.047159790992736816,-0.008993029594421387,-0.09719133377075195
1337,3,6,1,87,46,25,4.791765213012695,4.849024772644043,4.847886562347412,4.850607395172119,4.829043388366699,20,15,10,21,0.057259559631347656,0.037278175354003906,0.05884218215942383
1337,3,6,2,85,50,21,3.520199775695801,5.821779251098633,5.455549240112305,4.738401412963867,5.821779251098633,17,13,8,17,2.301579475402832,2.301579475402832,1.2182016372680664
1337,3,6,3,76,1,22,0.14637324213981628,0.14000560343265533,0.16107340157032013,0.1749293953180313,0.14000560343265533,18,13,9,18,-0.00636763870716095,-0.00636763870716095,0.028556153178215027
1337,3,6,4,70,59,25,2.6364076137542725,2.6743969917297363,2.9273478984832764,2.1539368629455566,2.653930187225342,20,15,10,21,0.03798937797546387,0.017522573471069336,-0.4824707508087158
1337,3,6,5,20,51,24,2.6680874824523926,2.708733320236206,2.744462490081787,5.226912498474121,2.677549362182617,19,14,10,20,0.04064583778381348,0.00946187973022461,2.5588250160217285
1337,3,6,6,39,10,20,0.1638927459716797,0.12958090007305145,0.12743286788463593,0.6874932050704956,0.12958090007305145,16,12,8,16,-0.034311845898628235,-0.034311845898628235,0.5236004590988159
1337,3,6,7,39,39,21,2.449140787124634,2.4441492557525635,2.459688186645508,4.994340419769287,2.4441492557525635,17,13,8,17,-0.0049915313720703125,-0.0049915313720703125,2.5451996326446533
1337,3,7,0,40,39,26,2.284132480621338,2.361598253250122,2.5092062950134277,2.4433462619781494,2.3897311687469482,21,16,10,22,0.07746577262878418,0.10559868812561035,0.15921378135681152
1337,3,7,1,111,60,19,3.5941033363342285,3.4720876216888428,3.0473623275756836,2.796471118927002,3.4720876216888428,15,11,8,15,-0.12201571464538574,-0.12201571464538574,-0.7976322174072266
1337,3,7,2,34,63,21,3.4976963996887207,3.507141590118408,3.328780174255371,3.431732654571533,3.507141590118408,17,13,8,17,0.0094451904296875,0.0094451904296875,-0.0659637451171875
1337,3,7,3,47,46,24,0.3264595866203308,0.3430945575237274,0.7584658861160278,1.2689930200576782,0.3403894901275635,19,14,10,20,0.016634970903396606,0.013929903507232666,0.9425334334373474
1337,3,7,4,123,39,27,2.0927531719207764,2.0874319076538086,2.5575709342956543,2.6100099086761475,2.043606996536255,22,16,11,23,-0.0053212642669677734,-0.049146175384521484,0.5172567367553711
1337,3,7,5,92,52,22,2.290118455886841,2.3823447227478027,3.0058600902557373,3.056680679321289,2.3823447227478027,18,13,9,18,0.09222626686096191,0.09222626686096191,0.7665622234344482
1337,3,7,6,124,12,18,4.322774410247803,4.379497051239014,3.866657018661499,3.8376011848449707,4.379497051239014,14,11,7,14,0.05672264099121094,0.05672264099121094,-0.48517322540283203
1337,3,7,7,55,38,19,8.61004638671875,8.587215423583984,9.312493324279785,8.978693962097168,8.587215423583984,15,11,8,15,-0.022830963134765625,-0.022830963134765625,0.36864757537841797
1337,4,0,0,91,6,24,2.1655502319335938,2.145819664001465,2.122148036956787,6.53722620010376,2.140255928039551,19,14,10,20,-0.019730567932128906,-0.02529430389404297,4.371675968170166
1337,4,0,1,31,39,28,1.8449832201004028,1.3345272541046143,1.4219623804092407,1.976294994354248,1.3241859674453735,22,17,11,24,-0.5104559659957886,-0.5207972526550293,0.13131177425384521
1337,4,0,2,94,39,23,2.5072596073150635,2.4836654663085938,2.4750962257385254,2.0769481658935547,2.486997127532959,18,14,9,19,-0.023594141006469727,-0.020262479782104492,-0.4303114414215088
1337,4,0,3,41,56,26,3.1996781826019287,2.9470057487487793,3.140336275100708,2.6486575603485107,2.92246150970459,21,16,10,22,-0.2526724338531494,-0.27721667289733887,-0.551020622253418
1337,4,0,4,48,13,19,0.9310842156410217,1.1552276611328125,1.2054657936096191,1.499521017074585,1.1552276611328125,15,11,8,15,0.22414344549179077,0.22414344549179077,0.5684368014335632
1337,4,0,5,26,50,20,2.4436683654785156,2.4463794231414795,2.186671733856201,1.8606058359146118,2.4463794231414795,16,12,8,16,0.002711057662963867,0.002711057662963867,-0.5830625295639038
1337,4,0,6,100,1,16,2.6274051666259766,3.135103225708008,4.378066539764404,1.9342563152313232,3.4696409702301025,13,10,6,12,0.5076980590820312,0.842235803604126,-0.6931488513946533
1337,4,0,7,73,11,23,4.968161106109619,5.8687591552734375,8.608726501464844,8.611522674560547,4.917269706726074,18,14,9,19,0.9005980491638184,-0.05089139938354492,3.6433615684509277
1337,4,1,0,76,56,22,1.7020330429077148,1.7720634937286377,1.9350899457931519,5.177703857421875,1.7720634937286377,18,13,9,18,0.07003045082092285,0.07003045082092285,3.47567081451416
1337,4,1,1,100,53,25,2.6094307899475098,2.581914186477661,1.5713353157043457,2.7985429763793945,2.5780062675476074,20,15,10,21,-0.027516603469848633,-0.031424522399902344,0.18911218643188477
1337,4,1,2,59,53,18,2.0307979583740234,1.8975697755813599,1.7442692518234253,1.530611276626587,1.8975697755813599,14,11,7,14,-0.13322818279266357,-0.13322818279266357,-0.5001866817474365
1337,4,1,3,103,50,23,3.5546116828918457,3.5546679496765137,3.5153074264526367,2.4088220596313477,3.5510382652282715,18,14,9,19,5.626678466796875e-05,-0.0035734176635742188,-1.145789623260498
1337,4,1,4,101,61,26,1.7626153230667114,3.4825918674468994,4.61997127532959,6.261399745941162,3.51426100730896,21,16,10,22,1.719976544380188,1.7516456842422485,4.498784422874451
1337,4,1,5,53,50,20,1.2909449338912964,1.8321596384048462,3.889610767364502,3.804126739501953,1.8321596384048462,16,12,8,16,0.5412147045135498,0.5412147045135498,2.5131818056106567
1337,4,1,6,79,45,22,3.8455798625946045,3.8823652267456055,3.8610310554504395,5.875978469848633,3.8823652267456055,18,13,9,18,0.03678536415100098,0.03678536415100098,2.0303986072540283
1337,4,1,7,25,58,25,0.30038854479789734,0.2817809283733368,0.50190669298172,6.4065351486206055,0.28674307465553284,20,15,10,21,-0.018607616424560547,-0.013645470142364502,6.106146603822708
1337,4,2,0,8,39,22,1.4154874086380005,1.3486919403076172,1.3719031810760498,2.0214335918426514,1.3486919403076172,18,13,9,18,-0.0667954683303833,-0.0667954683303833,0.6059461832046509
1337,4,2,1,91,58,29,0.7505557537078857,1.1608549356460571,1.1657133102416992,7.523212432861328,0.8663457632064819,23,17,12,25,0.4102991819381714,0.11579000949859619,6.772656679153442
1337,4,2,2,27,47,22,3.0793631076812744,3.0462522506713867,3.0334253311157227,2.057644844055176,3.0462522506713867,18,13,9,18,-0.033110857009887695,-0.033110857009887695,-1.0217182636260986
1337,4,2,3,83,47,19,3.2108891010284424,3.17948055267334,4.500304222106934,5.37722635269165,3.17948055267334,15,11,8,15,-0.03140854835510254,-0.03140854835510254,2.166337251663208
1337,4,2,4,41,12,22,4.771880149841309,4.712961196899414,5.994142055511475,5.670087814331055,4.712961196899414,18,13,9,18,-0.05891895294189453,-0.05891895294189453,0.8982076644897461
1337,4,2,5,18,6,21,2.732637405395508,2.7222304344177246,2.684943199157715,2.625957727432251,2.7222304344177246,17,13,8,17,-0.010406970977783203,-0.010406970977783203,-0.10667967796325684
1337,4,2,6,38,51,21,2.7396466732025146,2.7828102111816406,2.874734878540039,5.060369491577148,2.7828102111816406,17,13,8,17,0.04316353797912598,0.04316353797912598,2.320722818374634
1337,4,2,7,29,39,28,1.5476710796356201,1.582711935043335,3.2239134311676025,3.5312674045562744,1.59079909324646,22,17,11,24,0.035040855407714844,0.043128013610839844,1.9835963249206543
1337,4,3,0,118,1,27,0.567945659160614,0.566807746887207,3.1186718940734863,3.955787181854248,0.5686450004577637,22,16,11,23,-0.0011379122734069824,0.0006993412971496582,3.387841522693634
1337,4,3,1,111,50,24,3.5308971405029297,3.536416530609131,3.5166618824005127,2.4086127281188965,3.5398738384246826,19,14,10,20,0.005519390106201172,0.00897669792175293,-1.1222844123840332
1337,4,3,2,116,28,19,6.216431617736816,6.2147345542907715,5.939083099365234,5.710189342498779,6.2147345542907715,15,11,8,15,-0.0016970634460449219,-0.0016970634460449219,-0.5062422752380371
1337,4,3,3,53,46,19,0.1048927828669548,0.10229180753231049,0.14704802632331848,0.1634845733642578,0.10229180753231049,15,11,8,15,-0.0026009753346443176,-0.0026009753346443176,0.05859179049730301
1337,4,3,4,95,21,18,2.2920596599578857,1.7519654035568237,1.6218287944793701,1.2295690774917603,1.7519654035568237,14,11,7,14,-0.540094256401062,-0.540094256401062,-1.0624905824661255
1337,4,3,5,10,43,17,1.5189090967178345,1.576681137084961,1.7082648277282715,2.0564656257629395,1.6398122310638428,14,10,7,13,0.057772040367126465,0.1209031343460083,0.537556529045105
1337,4,3,6,87,51,22,3.5211281776428223,4.332095146179199,4.4697394371032715,5.081035614013672,4.332095146179199,18,13,9,18,0.810966968536377,0.810966968536377,1.5599074363708496
1337,4,3,7,55,59,20,2.1824934482574463,2.1737735271453857,2.0004444122314453,1.9631860256195068,2.1737735271453857,16,12,8,16,-0.008719921112060547,-0.008719921112060547,-0.21930742263793945
1337,4,4,0,6,1,18,0.3579872250556946,0.34824010729789734,0.25669288635253906,0.2753954529762268,0.34824010729789734,14,11,7,14,-0.009747117757797241,-0.009747117757797241,-0.08259177207946777
1337,4,4,1,108,47,23,2.8982303142547607,2.9209182262420654,2.9768667221069336,3.143315076828003,2.905576705932617,18,14,9,19,0.022687911987304688,0.007346391677856445,0.2450847625732422
1337,4,4,2,49,53,27,2.037287712097168,2.193310260772705,2.0219168663024902,2.046520233154297,2.211758613586426,22,16,11,23,0.1560225486755371,0.1744709014892578,0.009232521057128906
1337,4,4,3,31,61,22,2.8520071506500244,2.866946220397949,2.9418931007385254,6.026166915893555,2.866946220397949,18,13,9,18,0.014939069747924805,0.014939069747924805,3.1741597652435303
1337,4,4,4,79,52,22,4.298000812530518,4.389090061187744,5.506205081939697,4.877631187438965,4.389090061187744,18,13,9,18,0.09108924865722656,0.09108924865722656,0.5796303749084473
1337,4,4,5,94,43,25,1.5780293941497803,1.611554503440857,1.597711443901062,1.4696550369262695,1.6152775287628174,20,15,10,21,0.03352510929107666,0.03724813461303711,-0.10837435722351074
1337,4,4,6,46,1,21,0.6077946424484253,0.6363489031791687,0.5936152338981628,1.392831802368164,0.6363489031791687,17,13,8,17,0.028554260730743408,0.028554260730743408,0.7850371599197388
1337,4,4,7,87,50,26,0.3278261721134186,0.333201140165329,0.30712464451789856,0.8671888709068298,0.3363328278064728,21,16,10,22,0.0053749680519104,0.0085066556930542,0.5393626987934113
1337,4,5,0,26,1,24,0.5598957538604736,0.5852474570274353,0.5597092509269714,0.48406291007995605,0.5738676190376282,19,14,10,20,0.02535170316696167,0.013971865177154541,-0.07583284378051758
1337,4,5,1,78,5,18,4.3911919593811035,4.323517322540283,3.8421237468719482,4.222501277923584,4.323517322540283,14,11,7,14,-0.06767463684082031,-0.06767463684082031,-0.16869068145751953
1337,4,5,2,78,58,25,3.1732048988342285,1.6818346977233887,7.605993747711182,6.253552436828613,3.160918712615967,20,15,10,21,-1.4913702011108398,-0.012286186218261719,3.0803475379943848
1337,4,5,3,123,32,21,4.279980182647705,5.419795989990234,5.410634994506836,5.16900110244751,5.419795989990234,17,13,8,17,1.1398158073425293,1.1398158073425293,0.8890209197998047
1337,4,5,4,3,50,27,0.9880120754241943,1.1948243379592896,1.8570326566696167,2.027803421020508,1.0560382604599,22,16,11,23,0.20681226253509521,0.06802618503570557,1.0397913455963135
1337,4,5,5,65,53,23,0.20560963451862335,0.36913180351257324,0.19511736929416656,0.861879289150238,0.39550042152404785,18,14,9,19,0.1635221689939499,0.1898907870054245,0.6562696546316147
1337,4,5,6,90,12,22,4.481584548950195,4.470089912414551,4.470779895782471,3.767566680908203,4.470089912414551,18,13,9,18,-0.011494636535644531,-0.011494636535644531,-0.7140178680419922
1337,4,5,7,12,47,22,1.9504567384719849,1.9343767166137695,1.883925437927246,1.9369525909423828,1.9343767166137695,18,13,9,18,-0.016080021858215332,-0.016080021858215332,-0.01350414752960205
1337,4,6,0,42,2,17,6.767651557922363,6.989855766296387,6.698223114013672,6.465460777282715,7.482045650482178,14,10,7,13,0.22220420837402344,0.7143940925598145,-0.30219078063964844
1337,4,6,1,94,46,23,2.5130319595336914,2.3890509605407715,2.3828043937683105,3.565101146697998,2.399603843688965,18,14,9,19,-0.12398099899291992,-0.11342811584472656,1.0520691871643066
1337,4,6,2,102,1,19,2.1868691444396973,2.2362868785858154,1.323209285736084,0.35233578085899353,2.2362868785858154,15,11,8,15,0.049417734146118164,0.049417734146118164,-1.8345333635807037
1337,4,6,3,29,52,26,1.1517232656478882,1.1392438411712646,1.233879804611206,7.0475921630859375,1.1360294818878174,21,16,10,22,-0.012479424476623535,-0.0156937837600708,5.895868897438049
1337,4,6,4,56,43,25,2.308701753616333,2.3938498497009277,2.5574493408203125,2.9575021266937256,2.3739709854125977,20,15,10,21,0.08514809608459473,0.06526923179626465,0.6488003730773926
1337,4,6,5,9,56,24,1.5946141481399536,1.58175790309906,4.061348915100098,5.425207138061523,1.5584416389465332,19,14,10,20,-0.012856245040893555,-0.03617250919342041,3.83059298992157
1337,4,6,6,66,50,21,3.8142662048339844,6.913706302642822,6.72721004486084,6.096768856048584,6.913706302642822,17,13,8,17,3.099440097808838,3.099440097808838,2.2825026512145996
1337,4,6,7,44,13,28,5.72981071472168,4.992153644561768,5.1001386642456055,4.694408893585205,5.110046863555908,22,17,11,24,-0.7376570701599121,-0.6197638511657715,-1.0354018211364746
1337,4,7,0,110,47,23,3.2092247009277344,3.2168266773223877,3.2022085189819336,3.2789454460144043,3.2103586196899414,18,14,9,19,0.00760197639465332,0.0011339187622070312,0.06972074508666992
1337,4,7,1,66,43,18,3.174569606781006,3.167022228240967,3.4540514945983887,4.4295477867126465,3.167022228240967,14,11,7,14,-0.0075473785400390625,-0.0075473785400390625,1.2549781799316406
1337,4,7,2,11,58,13,1.3086273670196533,1.1371500492095947,1.1702630519866943,1.9402574300765991,1.1022453308105469,10,8,5,9,-0.1714773178100586,-0.20638203620910645,0.6316300630569458
1337,4,7,3,19,52,23,1.9272609949111938,1.8959075212478638,2.349735975265503,7.620854377746582,2.017091989517212,18,14,9,19,-0.03135347366333008,0.08983099460601807,5.693593382835388
1337,4,7,4,80,45,23,1.7270374298095703,1.7172843217849731,1.808677077293396,3.618007183074951,1.7453798055648804,18,14,9,19,-0.009753108024597168,0.01834237575531006,1.8909697532653809
1337,4,7,5,50,42,22,3.2166759967803955,3.2954065799713135,3.172609806060791,4.333037376403809,3.2954065799713135,18,13,9,18,0.07873058319091797,0.07873058319091797,1.116361379623413
1337,4,7,6,127,56,25,1.5137405395507812,6.994385719299316,6.853239059448242,7.520942687988281,6.988129138946533,20,15,10,21,5.480645179748535,5.474388599395752,6.0072021484375
1337,4,7,7,56,58,29,0.687000036239624,0.6682498455047607,0.7603378295898438,0.9087672233581543,0.6949952244758606,23,17,12,25,-0.01875019073486328,0.007995188236236572,0.22176718711853027
1337,5,0,0,26,21,19,2.0149970054626465,1.4317630529403687,1.2604777812957764,1.1992709636688232,1.4317630529403687,15,11,8,15,-0.5832339525222778,-0.5832339525222778,-0.8157260417938232
1337,5,0,1,87,63,13,5.8408284187316895,5.833090305328369,5.354956150054932,4.540183067321777,5.655391693115234,10,8,5,9,-0.0077381134033203125,-0.18543672561645508,-1.300645351409912
1337,5,0,2,24,39,24,1.0011918544769287,0.9250872135162354,0.896005392074585,0.9330832362174988,0.9768166542053223,19,14,10,20,-0.07610464096069336,-0.024375200271606445,-0.06810861825942993
1337,5,0,3,64,50,19,2.277066230773926,2.3303303718566895,3.9620399475097656,3.5496134757995605,2.3303303718566895,15,11,8,15,0.05326414108276367,0.05326414108276367,1.2725472450256348
1337,5,0,4,38,53,18,0.796968936920166,0.8007424473762512,0.7798049449920654,0.8678061366081238,0.8007424473762512,14,11,7,14,0.003773510456085205,0.003773510456085205,0.07083719968795776
1337,5,0,5,26,53,20,1.0076560974121094,1.0079734325408936,1.0303020477294922,1.087350606918335,1.0079734325408936,16,12,8,16,0.0003173351287841797,0.0003173351287841797,0.07969450950622559
1337,5,0,6,60,47,27,1.1498947143554688,1.0929319858551025,0.9234650731086731,1.213640809059143,1.0874313116073608,22,16,11,23,-0.05696272850036621,-0.06246340274810791,0.06374609470367432
1337,5,0,7,44,1,23,1.2466422319412231,1.317570447921753,1.3419764041900635,1.7949683666229248,1.2663697004318237,18,14,9,19,0.07092821598052979,0.019727468490600586,0.5483261346817017
1337,5,1,0,109,1,25,3.149282932281494,3.3848016262054443,3.613185167312622,2.691497564315796,3.2935614585876465,20,15,10,21,0.2355186939239502,0.14427852630615234,-0.45778536796569824
1337,5,1,1,101,53,24,1.4809837341308594,1.3957031965255737,1.2598278522491455,3.646784782409668,1.421006441116333,19,14,10,20,-0.08528053760528564,-0.05997729301452637,2.1658010482788086
1337,5,1,2,49,60,25,2.1005773544311523,2.039590358734131,2.021688461303711,7.1440348625183105,2.0570733547210693,20,15,10,21,-0.060986995697021484,-0.04350399971008301,5.043457508087158
1337,5,1,3,44,11,26,3.716064929962158,3.5665481090545654,3.523339033126831,3.340184450149536,3.6254959106445312,21,16,10,22,-0.14951682090759277,-0.09056901931762695,-0.37588047981262207
1337,5,1,4,26,15,20,2.153259515762329,2.5908899307250977,2.6209006309509277,0.8884356021881104,2.5908899307250977,16,12,8,16,0.43763041496276855,0.43763041496276855,-1.2648239135742188
1337,5,1,5,96,56,27,1.7475121021270752,1.754280686378479,1.6694834232330322,7.087888717651367,1.7002475261688232,22,16,11,23,0.006768584251403809,-0.04726457595825195,5.340376615524292
1337,5,1,6,115,13,23,2.0223653316497803,2.02077054977417,4.109202861785889,6.528703689575195,2.0241947174072266,18,14,9,19,-0.0015947818756103516,0.001829385757446289,4.506338357925415
1337,5,1,7,98,1,27,0.4419412910938263,0.42410680651664734,6.372100353240967,5.456752777099609,0.44889479875564575,22,16,11,23,-0.017834484577178955,0.006953507661819458,5.014811486005783
1337,5,2,0,10,58,24,1.9888973236083984,1.9335755109786987,1.4896231889724731,2.7988357543945312,2.0662481784820557,19,14,10,20,-0.05532181262969971,0.07735085487365723,0.8099384307861328
1337,5,2,1,122,1,22,0.6675981879234314,0.6655109524726868,0.7414778470993042,0.9108555912971497,0.6655109524726868,18,13,9,18,-0.002087235450744629,-0.002087235450744629,0.24325740337371826
1337,5,2,2,6,1,23,0.37106236815452576,0.286629319190979,0.2976948320865631,1.80216383934021,0.33524250984191895,18,14,9,19,-0.08443304896354675,-0.03581985831260681,1.4311014711856842
1337,5,2,3,37,56,20,0.8266609907150269,0.8778548836708069,0.8724350929260254,0.9332540035247803,0.8778548836708069,16,12,8,16,0.05119389295578003,0.05119389295578003,0.10659301280975342
1337,5,2,4,117,39,23,2.658285617828369,2.672797203063965,2.5583577156066895,1.7595100402832031,2.6654505729675293,18,14,9,19,0.014511585235595703,0.007164955139160156,-0.898775577545166
1337,5,2,5,120,0,31,0.25679948925971985,0.2101089358329773,0.182485893368721,0.13358984887599945,0.24427732825279236,25,19,12,27,-0.046690553426742554,-0.01252216100692749,-0.1232096403837204
1337,5,2,6,88,46,26,1.5209827423095703,1.4708302021026611,1.365073800086975,1.6783782243728638,1.527671217918396,21,16,10,22,-0.05015254020690918,0.006688475608825684,0.15739548206329346
1337,5,2,7,50,46,15,1.8353790044784546,1.8525762557983398,1.9512081146240234,1.9545272588729858,1.7401517629623413,12,9,6,11,0.017197251319885254,-0.09522724151611328,0.11914825439453125
1337,5,3,0,15,47,19,2.2216670513153076,2.214709758758545,2.2611680030822754,2.4751486778259277,2.214709758758545,15,11,8,15,-0.006957292556762695,-0.006957292556762695,0.2534816265106201
1337,5,3,1,74,0,13,1.5203826427459717,1.4219599962234497,1.357743263244629,1.003438949584961,1.2611074447631836,10,8,5,9,-0.09842264652252197,-0.2592751979827881,-0.5169436931610107
1337,5,3,2,121,58,29,1.4423216581344604,1.2985597848892212,1.4026235342025757,1.6295934915542603,1.3334823846817017,23,17,12,25,-0.14376187324523926,-0.10883927345275879,0.1872718334197998
1337,5,3,3,106,1,25,1.6837735176086426,1.3895522356033325,2.314859390258789,4.211214065551758,1.4243887662887573,20,15,10,21,-0.29422128200531006,-0.25938475131988525,2.5274405479431152
1337,5,3,4,62,56,26,1.1678156852722168,1.1655094623565674,1.4694747924804688,5.086337089538574,1.187270164489746,21,16,10,22,-0.002306222915649414,0.019454479217529297,3.9185214042663574
1337,5,3,5,98,47,17,2.7097995281219482,2.619198799133301,2.1854686737060547,3.025275230407715,2.546038866043091,14,10,7,13,-0.09060072898864746,-0.16376066207885742,0.3154757022857666
1337,5,3,6,63,61,24,2.9634480476379395,4.079710960388184,7.268669128417969,8.826934814453125,4.102578639984131,19,14,10,20,1.1162629127502441,1.1391305923461914,5.8634867668151855
1337,5,3,7,9,1,25,0.5328996181488037,0.36325937509536743,5.6141462326049805,5.649768829345703,0.4051015377044678,20,15,10,21,-0.16964024305343628,-0.12779808044433594,5.116869211196899
1337,5,4,0,4,39,26,2.3423962593078613,2.2376503944396973,2.2439210414886475,2.332092046737671,2.2406005859375,21,16,10,22,-0.10474586486816406,-0.10179567337036133,-0.01030421257019043
1337,5,4,1,89,51,23,2.701740264892578,2.7172341346740723,2.7084360122680664,4.745220184326172,2.7061028480529785,18,14,9,19,0.01549386978149414,0.004362583160400391,2.0434799194335938
1337,5,4,2,26,57,18,2.582620143890381,2.60205078125,2.5485167503356934,2.4061288833618164,2.60205078125,14,11,7,14,0.01943063735961914,0.01943063735961914,-0.17649126052856445
1337,5,4,3,78,51,23,2.6478219032287598,2.661898136138916,2.6536881923675537,4.7367658615112305,2.654560089111328,18,14,9,19,0.01407623291015625,0.006738185882568359,2.0889439582824707
1337,5,4,4,18,8,13,3.4516499042510986,3.591566801071167,3.341705799102783,3.5331671237945557,3.496124505996704,10,8,5,9,0.13991689682006836,0.04447460174560547,0.08151721954345703
1337,5,4,5,18,58,22,1.949299931526184,1.9290801286697388,1.8805912733078003,5.981578350067139,1.9290801286697388,18,13,9,18,-0.020219802856445312,-0.020219802856445312,4.032278418540955
1337,5,4,6,106,50,23,3.6987876892089844,3.7018284797668457,3.6405751705169678,2.6170053482055664,3.6956448554992676,18,14,9,19,0.003040790557861328,-0.003142833709716797,-1.081782341003418
1337,5,4,7,85,57,25,1.8350895643234253,1.848149299621582,1.7141287326812744,1.7821191549301147,1.895881175994873,20,15,10,21,0.013059735298156738,0.060791611671447754,-0.05297040939331055
1337,5,5,0,60,51,21,2.697800636291504,2.7226719856262207,2.7549846172332764,4.372010231018066,2.7226719856262207,17,13,8,17,0.024871349334716797,0.024871349334716797,1.6742095947265625
1337,5,5,1,53,58,29,0.6705771684646606,0.6302905678749084,0.5173762440681458,5.66977071762085,0.665328860282898,23,17,12,25,-0.0402866005897522,-0.005248308181762695,4.999193549156189
1337,5,5,2,66,47,27,1.1571834087371826,1.1052833795547485,1.0915858745574951,1.2054646015167236,1.0917071104049683,22,16,11,23,-0.05190002918243408,-0.06547629833221436,0.048281192779541016
1337,5,5,3,39,43,26,2.4064128398895264,2.3993351459503174,1.3400626182556152,1.072683334350586,2.403785228729248,21,16,10,22,-0.007077693939208984,-0.0026276111602783203,-1.3337295055389404
1337,5,5,4,111,43,25,1.4785479307174683,1.6807538270950317,1.4660725593566895,1.3790558576583862,1.6901323795318604,20,15,10,21,0.20220589637756348,0.2115844488143921,-0.09949207305908203
1337,5,5,5,63,58,22,1.9831691980361938,1.9934170246124268,1.9781193733215332,7.144046306610107,1.9934170246124268,18,13,9,18,0.01024782657623291,0.01024782657623291,5.160877108573914
1337,5,5,6,35,40,20,2.9381821155548096,2.9758188724517822,4.688855171203613,4.191519737243652,2.9758188724517822,16,12,8,16,0.037636756896972656,0.037636756896972656,1.2533376216888428
1337,5,5,7,21,1,26,0.45608317852020264,0.3422480523586273,6.761960506439209,6.8308258056640625,0.3652729392051697,21,16,10,22,-0.11383512616157532,-0.09081023931503296,6.37474262714386
1337,5,6,0,10,58,24,1.9888973236083984,1.9335755109786987,1.4896231889724731,2.7988357543945312,2.0662481784820557,19,14,10,20,-0.05532181262969971,0.07735085487365723,0.8099384307861328
1337,5,6,1,13,56,28,1.2805134057998657,1.288273572921753,1.322545051574707,3.2739973068237305,1.2500300407409668,22,17,11,24,0.007760167121887207,-0.030483365058898926,1.9934839010238647
1337,5,6,2,91,56,17,2.3586513996124268,2.7142956256866455,3.254716396331787,3.493016481399536,2.7864251136779785,14,10,7,13,0.35564422607421875,0.42777371406555176,1.1343650817871094
1337,5,6,3,84,63,23,3.4739983081817627,3.5677754878997803,3.597738742828369,3.051696538925171,3.4920928478240967,18,14,9,19,0.09377717971801758,0.018094539642333984,-0.4223017692565918
1337,5,6,4,47,53,25,1.425736665725708,1.3417891263961792,1.305454134941101,0.8468242287635803,1.3221944570541382,20,15,10,21,-0.08394753932952881,-0.10354220867156982,-0.5789124369621277
1337,5,6,5,6,45,23,1.3659327030181885,1.3960660696029663,1.3897032737731934,1.244986653327942,1.405306100845337,18,14,9,19,0.030133366584777832,0.03937339782714844,-0.12094604969024658
1337,5,6,6,97,1,18,0.22703801095485687,0.2543115019798279,0.3806634545326233,1.3177895545959473,0.2543115019798279,14,11,7,14,0.02727349102497101,0.02727349102497101,1.0907515436410904
1337,5,6,7,42,53,19,1.922524333000183,1.9439523220062256,2.010053873062134,2.6600871086120605,1.9439523220062256,15,11,8,15,0.02142798900604248,0.02142798900604248,0.7375627756118774
1337,5,7,0,122,21,23,2.0357630252838135,2.516451835632324,2.837808609008789,1.054579734802246,2.484633207321167,18,14,9,19,0.48068881034851074,0.4488701820373535,-0.9811832904815674
1337,5,7,1,26,40,24,2.9618120193481445,2.9069783687591553,2.9066321849823,3.67030668258667,2.937833070755005,19,14,10,20,-0.05483365058898926,-0.02397894859313965,0.7084946632385254
1337,5,7,2,52,21,21,3.911942720413208,3.881463050842285,3.8820035457611084,4.33798360824585,3.881463050842285,17,13,8,17,-0.03047966957092285,-0.03047966957092285,0.4260408878326416
1337,5,7,3,38,43,19,1.6402713060379028,1.7558090686798096,2.0396814346313477,2.195740222930908,1.7558090686798096,15,11,8,15,0.11553776264190674,0.11553776264190674,0.5554689168930054
1337,5,7,4,71,0,16,3.5122177600860596,3.4934003353118896,3.4601235389709473,3.0786209106445312,3.492995500564575,13,10,6,12,-0.018817424774169922,-0.019222259521484375,-0.4335968494415283
1337,5,7,5,116,53,16,1.1233445405960083,1.1288005113601685,1.168623447418213,1.4621913433074951,1.1172484159469604,13,10,6,12,0.005455970764160156,-0.0060961246490478516,0.3388468027114868
1337,5,7,6,21,1,21,1.6223517656326294,2.075692653656006,2.0578341484069824,2.149733543395996,2.075692653656006,17,13,8,17,0.45334088802337646,0.45334088802337646,0.5273817777633667
1337,5,7,7,58,42,26,2.12893009185791,2.0857770442962646,2.2442269325256348,2.558356285095215,2.1059842109680176,21,16,10,22,-0.04315304756164551,-0.022945880889892578,0.4294261932373047
1337,6,0,0,91,54,23,3.297778844833374,3.3085901737213135,3.2928354740142822,4.5555739402771,3.3019206523895264,18,14,9,19,0.010811328887939453,0.004141807556152344,1.2577950954437256
1337,6,0,1,1,39,22,2.586573600769043,2.5948262214660645,2.1176023483276367,2.8081064224243164,2.5948262214660645,18,13,9,18,0.008252620697021484,0.008252620697021484,0.22153282165527344
1337,6,0,2,70,47,26,1.2300758361816406,1.2276018857955933,1.339552402496338,1.2638027667999268,1.2223188877105713,21,16,10,22,-0.0024739503860473633,-0.007756948471069336,0.03372693061828613
1337,6,0,3,48,42,22,1.5580397844314575,1.6401634216308594,1.6410460472106934,1.8043599128723145,1.6401634216308594,18,13,9,18,0.08212363719940186,0.08212363719940186,0.24632012844085693
1337,6,0,4,80,46,24,0.3603270947933197,0.44067123532295227,0.7953095436096191,1.538196086883545,0.4257866442203522,19,14,10,20,0.08034414052963257,0.06545954942703247,1.1778689920902252
1337,6,0,5,7,26,20,2.1976664066314697,2.539395809173584,2.0569021701812744,2.975175619125366,2.539395809173584,16,12,8,16,0.34172940254211426,0.34172940254211426,0.7775092124938965
1337,6,0,6,42,1,18,0.4138343930244446,0.4378330409526825,0.27394330501556396,0.18385900557041168,0.4378330409526825,14,11,7,14,0.023998647928237915,0.023998647928237915,-0.2299753874540329
1337,6,0,7,41,39,23,1.1790004968643188,1.1570581197738647,1.2938040494918823,1.2195417881011963,1.2045443058013916,18,14,9,19,-0.0219423770904541,0.025543808937072754,0.04054129123687744
1337,6,1,0,13,1,22,2.7888882160186768,1.540543556213379,1.305710792541504,1.3677031993865967,1.540543556213379,18,13,9,18,-1.2483446598052979,-1.2483446598052979,-1.42118501663208
1337,6,1,1,65,63,24,1.2465200424194336,1.1524070501327515,1.2248834371566772,1.2679256200790405,1.1373382806777954,19,14,10,20,-0.09411299228668213,-0.10918176174163818,0.021405577659606934
1337,6,1,2,76,31,20,2.5463178157806396,3.134155750274658,2.940599203109741,2.9186582565307617,3.134155750274658,16,12,8,16,0.5878379344940186,0.5878379344940186,0.37234044075012207
1337,6,1,3,100,1,31,0.014894118532538414,0.01589978113770485,0.017223311588168144,1.084231972694397,0.01540863886475563,25,19,12,27,0.0010056626051664352,0.0005145203322172165,1.0693378541618586
1337,6,1,4,31,46,26,0.22819896042346954,0.2577904462814331,0.2634981870651245,1.7669365406036377,0.25515806674957275,21,16,10,22,0.029591485857963562,0.02695910632610321,1.5387375801801682
1337,6,1,5,40,44,26,5.643497467041016,5.236696243286133,4.933261871337891,7.342859745025635,5.7058305740356445,21,16,10,22,-0.4068012237548828,0.062333106994628906,1.6993622779846191
1337,6,1,6,58,1,21,0.09654390811920166,0.1061512902379036,0.10902898758649826,0.1314384937286377,0.1061512902379036,17,13,8,17,0.009607382118701935,0.009607382118701935,0.034894585609436035
1337,6,1,7,57,46,25,0.15028509497642517,0.19458229839801788,0.20314443111419678,0.363785058259964,0.19096317887306213,20,15,10,21,0.04429720342159271,0.04067808389663696,0.21349996328353882
1337,6,2,0,79,43,22,1.504793405532837,1.3419830799102783,1.2233444452285767,0.9801510572433472,1.3419830799102783,18,13,9,18,-0.1628103256225586,-0.1628103256225586,-0.5246423482894897
1337,6,2,1,12,57,25,3.1763219833374023,3.2627205848693848,8.735130310058594,8.685663223266602,3.219252347946167,20,15,10,21,0.08639860153198242,0.04293036460876465,5.509341239929199
1337,6,2,2,41,1,19,0.5470336079597473,0.6043689250946045,0.8182454109191895,0.9394114017486572,0.6043689250946045,15,11,8,15,0.05733531713485718,0.05733531713485718,0.3923777937889099
1337,6,2,3,18,1,12,0.328053742647171,0.312735378742218,0.7563694715499878,1.0564725399017334,0.5091880559921265,10,7,5,8,-0.015318363904953003,0.18113431334495544,0.7284187972545624
1337,6,2,4,77,58,13,2.6283857822418213,2.7764205932617188,2.2385079860687256,3.210923194885254,2.2769734859466553,10,8,5,9,0.14803481101989746,-0.351412296295166,0.5825374126434326
1337,6,2,5,58,46,24,0.3709550201892853,0.3933129608631134,0.8777080178260803,1.694132924079895,0.3910873234272003,19,14,10,20,0.022357940673828125,0.02013230323791504,1.3231779038906097
1337,6,2,6,2,19,20,3.238422393798828,3.2417306900024414,3.258352279663086,3.4224448204040527,3.2417306900024414,16,12,8,16,0.0033082962036132812,0.0033082962036132812,0.1840224266052246
1337,6,2,7,115,43,14,2.1429624557495117,2.0312492847442627,1.7408828735351562,2.0790159702301025,1.95524001121521,11,8,6,10,-0.11171317100524902,-0.18772244453430176,-0.06394648551940918
1337,6,3,0,122,46,24,0.4022142291069031,0.5112454295158386,0.716690182685852,4.585609436035156,0.49449974298477173,19,14,10,20,0.10903120040893555,0.09228551387786865,4.183395206928253
1337,6,3,1,96,53,23,0.14900876581668854,0.2597791850566864,0.25785282254219055,2.099747657775879,0.2464417964220047,18,14,9,19,0.11077041923999786,0.09743303060531616,1.9507388919591904
1337,6,3,2,94,60,23,5.330173492431641,5.2918829917907715,5.228140354156494,5.170907020568848,5.307242393493652,18,14,9,19,-0.03829050064086914,-0.02293109893798828,-0.15926647186279297
1337,6,3,3,116,46,26,2.5454626083374023,3.7005770206451416,4.1525983810424805,3.065669298171997,3.160043478012085,21,16,10,22,1.1551144123077393,0.6145808696746826,0.5202066898345947
1337,6,3,4,52,56,25,0.7947186827659607,0.8867213726043701,5.335002899169922,3.36856746673584,0.8882134556770325,20,15,10,21,0.09200268983840942,0.09349477291107178,2.573848783969879
1337,6,3,5,85,41,24,3.146993637084961,6.017385959625244,7.120920181274414,6.844827651977539,3.626599073410034,19,14,10,20,2.870392322540283,0.47960543632507324,3.697834014892578
1337,6,3,6,14,6,17,2.0522916316986084,1.8894506692886353,2.7431745529174805,2.494640827178955,1.885402798652649,14,10,7,13,-0.16284096240997314,-0.16688883304595947,0.4423491954803467
1337,6,3,7,83,63,25,1.1058365106582642,0.8323456645011902,0.8540549278259277,1.1086677312850952,0.8309303522109985,20,15,10,21,-0.273490846157074,-0.2749061584472656,0.0028312206268310547
1337,6,4,0,14,53,23,3.088391065597534,3.153326988220215,3.2688114643096924,2.17311954498291,3.1491029262542725,18,14,9,19,0.06493592262268066,0.06071186065673828,-0.915271520614624
1337,6,4,1,116,59,23,0.22195199131965637,0.24218226969242096,0.30629876255989075,5.093789100646973,0.22048193216323853,18,14,9,19,0.020230278372764587,-0.0014700591564178467,4.871837109327316
1337,6,4,2,84,26,22,1.2907750606536865,1.1684980392456055,1.5124847888946533,3.021987199783325,1.1684980392456055,18,13,9,18,-0.12227702140808105,-0.12227702140808105,1.7312121391296387
1337,6,4,3,45,57,23,2.768954277038574,2.7790699005126953,1.902430772781372,3.837073802947998,2.810699462890625,18,14,9,19,0.010115623474121094,0.04174518585205078,1.0681195259094238
1337,6,4,4,84,1,27,0.5074015855789185,0.46559998393058777,0.5111016035079956,0.8000450134277344,0.46731120347976685,22,16,11,23,-0.04180160164833069,-0.04009038209915161,0.2926434278488159
1337,6,4,5,44,58,23,1.944074273109436,1.9642504453659058,1.9397608041763306,5.736656665802002,1.963973045349121,18,14,9,19,0.020176172256469727,0.01989877223968506,3.792582392692566
1337,6,4,6,97,1,24,1.5969443321228027,2.00661039352417,1.8438423871994019,1.2966077327728271,2.029728651046753,19,14,10,20,0.4096660614013672,0.4327843189239502,-0.3003365993499756
1337,6,4,7,82,51,23,2.6923487186431885,2.7363762855529785,2.7660975456237793,4.1661224365234375,2.702597141265869,18,14,9,19,0.04402756690979004,0.010248422622680664,1.473773717880249
1337,6,5,0,47,58,23,1.7703797817230225,1.7371159791946411,1.7412805557250977,6.605123043060303,1.7627202272415161,18,14,9,19,-0.03326380252838135,-0.007659554481506348,4.83474326133728
1337,6,5,1,37,63,26,3.244433879852295,3.2278904914855957,3.1599559783935547,4.832091331481934,3.2448601722717285,21,16,10,22,-0.01654338836669922,0.00042629241943359375,1.5876574516296387
1337,6,5,2,28,54,23,3.4937002658843994,3.5530786514282227,3.534385919570923,4.520848274230957,3.519123077392578,18,14,9,19,0.05937838554382324,0.02542281150817871,1.0271480083465576
1337,6,5,3,11,43,22,0.5407025814056396,0.48203033208847046,0.5593839883804321,0.5791021585464478,0.48203033208847046,18,13,9,18,-0.05867224931716919,-0.05867224931716919,0.038399577140808105
1337,6,5,4,126,47,18,3.538865089416504,3.631359100341797,3.6551454067230225,4.9508209228515625,3.631359100341797,14,11,7,14,0.09249401092529297,0.09249401092529297,1.4119558334350586
1337,6,5,5,7,26,20,2.1976664066314697,2.539395809173584,2.0569021701812744,2.975175619125366,2.539395809173584,16,12,8,16,0.34172940254211426,0.34172940254211426,0.7775092124938965
1337,6,5,6,114,52,22,3.533517360687256,3.500504493713379,3.5111446380615234,2.434842348098755,3.500504493713379,18,13,9,18,-0.03301286697387695,-0.03301286697387695,-1.098675012588501
1337,6,5,7,66,53,21,2.8312697410583496,2.763948917388916,2.705307960510254,1.7722502946853638,2.763948917388916,17,13,8,17,-0.0673208236694336,-0.0673208236694336,-1.0590194463729858
1337,6,6,0,30,44,27,0.6581682562828064,0.5837603807449341,0.5038574934005737,6.188852310180664,0.6070334911346436,22,16,11,23,-0.07440787553787231,-0.05113476514816284,5.530684053897858
1337,6,6,1,41,1,17,0.0924277976155281,0.08678266406059265,0.08311483263969421,0.14644284546375275,0.08706571161746979,14,10,7,13,-0.005645133554935455,-0.005362085998058319,0.05401504784822464
1337,6,6,2,103,43,13,2.3033881187438965,2.337996244430542,2.272866725921631,2.130126953125,2.345021963119507,10,8,5,9,0.03460812568664551,0.04163384437561035,-0.17326116561889648
1337,6,6,3,74,35,22,4.046936511993408,5.050769805908203,5.149109363555908,5.176637172698975,5.050769805908203,18,13,9,18,1.003833293914795,1.003833293914795,1.1297006607055664
1337,6,6,4,72,56,23,4.486341953277588,4.205750465393066,4.228105068206787,4.221439361572266,4.3417558670043945,18,14,9,19,-0.2805914878845215,-0.14458608627319336,-0.26490259170532227
1337,6,6,5,125,0,23,0.45943590998649597,0.6426852941513062,0.5494940876960754,0.6841965317726135,0.6274339556694031,18,14,9,19,0.18324938416481018,0.1679980456829071,0.22476062178611755
1337,6,6,6,75,21,22,2.132218360900879,0.9481951594352722,0.9629565477371216,1.170843243598938,0.9481951594352722,18,13,9,18,-1.1840232014656067,-1.1840232014656067,-0.9613751173019409
1337,6,6,7,80,52,25,1.0437641143798828,0.965285062789917,1.4408328533172607,7.711381435394287,0.9534755945205688,20,15,10,21,-0.07847905158996582,-0.09028851985931396,6.667617321014404
1337,6,7,0,6,13,23,6.824763774871826,6.866537570953369,6.904727935791016,8.549322128295898,6.850552082061768,18,14,9,19,0.04177379608154297,0.025788307189941406,1.7245583534240723
1337,6,7,1,74,52,25,0.509361743927002,0.4858730137348175,0.5646892786026001,0.6392375230789185,0.4715203046798706,20,15,10,21,-0.023488730192184448,-0.03784143924713135,0.1298757791519165
1337,6,7,2,11,44,29,3.690194606781006,3.5966432094573975,2.489924907684326,2.265237808227539,3.620997190475464,23,17,12,25,-0.0935513973236084,-0.06919741630554199,-1.4249567985534668
1337,6,7,3,78,53,22,3.2886149883270264,3.3821914196014404,3.1693074703216553,2.6141300201416016,3.3821914196014404,18,13,9,18,0.09357643127441406,0.09357643127441406,-0.6744849681854248
1337,6,7,4,54,53,22,3.0548369884490967,3.050166606903076,2.966585874557495,1.2705637216567993,3.050166606903076,18,13,9,18,-0.004670381546020508,-0.004670381546020508,-1.7842732667922974
1337,6,7,5,9,17,18,3.8873965740203857,3.556154251098633,2.7247352600097656,2.829103946685791,3.556154251098633,14,11,7,14,-0.33124232292175293,-0.33124232292175293,-1.0582926273345947
1337,6,7,6,28,46,14,1.515392541885376,1.4452080726623535,1.5016789436340332,1.6006770133972168,1.4526468515396118,11,8,6,10,-0.07018446922302246,-0.06274569034576416,0.08528447151184082
1337,6,7,7,115,43,14,2.1429624557495117,2.0312492847442627,1.7408828735351562,2.0790159702301025,1.95524001121521,11,8,6,10,-0.11171317100524902,-0.18772244453430176,-0.06394648551940918
1337,7,0,0,99,53,24,1.6249703168869019,1.4487361907958984,1.2706072330474854,4.389479637145996,1.4742169380187988,19,14,10,20,-0.17623412609100342,-0.15075337886810303,2.7645093202590942
1337,7,0,1,37,56,22,1.366607427597046,1.434859275817871,2.028010845184326,3.720003604888916,1.434859275817871,18,13,9,18,0.0682518482208252,0.0682518482208252,2.35339617729187
1337,7,0,2,120,43,27,1.6638829708099365,1.7228076457977295,1.7849738597869873,1.9396017789840698,1.6723146438598633,22,16,11,23,0.05892467498779297,0.008431673049926758,0.2757188081741333
1337,7,0,3,95,43,20,1.1461806297302246,1.1285537481307983,1.1033656597137451,1.1512678861618042,1.1285537481307983,16,12,8,16,-0.01762688159942627,-0.01762688159942627,0.00508725643157959
1337,7,0,4,37,40,25,3.026096820831299,3.025546073913574,3.0269367694854736,4.932684898376465,3.0281970500946045,20,15,10,21,-0.0005507469177246094,0.002100229263305664,1.906588077545166
1337,7,0,5,60,1,29,0.03246256709098816,0.03414140269160271,0.03424036130309105,0.09187128394842148,0.03552167862653732,23,17,12,25,0.0016788356006145477,0.003059111535549164,0.05940871685743332
1337,7,0,6,78,63,26,3.719778537750244,3.6946725845336914,2.324784994125366,1.9056380987167358,3.699803352355957,21,16,10,22,-0.025105953216552734,-0.01997518539428711,-1.8141404390335083
1337,7,0,7,60,1,16,0.05173739418387413,0.05118789151310921,0.05101005360484123,0.05451154708862305,0.05093913897871971,13,10,6,12,-0.0005495026707649231,-0.0007982552051544189,0.0027741529047489166
1337,7,1,0,118,1,26,0.4261394441127777,0.4886336326599121,0.8427899479866028,1.2141447067260742,0.4879649877548218,21,16,10,22,0.0624941885471344,0.06182554364204407,0.7880052626132965
1337,7,1,1,26,1,25,2.385737895965576,2.5155014991760254,2.7207388877868652,3.2526803016662598,2.3941071033477783,20,15,10,21,0.12976360321044922,0.008369207382202148,0.8669424057006836
1337,7,1,2,123,43,13,1.8219918012619019,1.7659920454025269,1.6998275518417358,1.6400229930877686,1.7590806484222412,10,8,5,9,-0.055999755859375,-0.06291115283966064,-0.1819688081741333
1337,7,1,3,127,1,13,0.9896442890167236,0.9943503141403198,0.961635947227478,1.1319633722305298,0.969199001789093,10,8,5,9,0.004706025123596191,-0.020445287227630615,0.14231908321380615
1337,7,1,4,102,39,22,1.2529582977294922,1.2252053022384644,1.2416181564331055,1.511699914932251,1.2252053022384644,18,13,9,18,-0.027752995491027832,-0.027752995491027832,0.2587416172027588
1337,7,1,5,5,0,27,0.843224823474884,1.032500982284546,1.3473918437957764,1.28806471824646,0.8808762431144714,22,16,11,23,0.18927615880966187,0.0376514196395874,0.4448398947715759
1337,7,1,6,41,30,25,1.5220338106155396,1.5378490686416626,1.8774175643920898,2.558750629425049,1.47129225730896,20,15,10,21,0.015815258026123047,-0.05074155330657959,1.0367168188095093
1337,7,1,7,22,56,19,2.0107555389404297,1.9838457107543945,2.0972681045532227,2.0021674633026123,1.9838457107543945,15,11,8,15,-0.026909828186035156,-0.026909828186035156,-0.008588075637817383
1337,7,2,0,3,61,24,2.8415651321411133,2.8685994148254395,5.7129740715026855,7.42417049407959,2.8616459369659424,19,14,10,20,0.027034282684326172,0.0200808048248291,4.582605361938477
1337,7,2,1,25,13,23,2.2782163619995117,2.529737949371338,2.6580333709716797,2.940006732940674,2.530595064163208,18,14,9,19,0.25152158737182617,0.2523787021636963,0.6617903709411621
1337,7,2,2,83,43,21,0.9766620397567749,1.0089445114135742,0.9045865535736084,0.6830781102180481,1.0089445114135742,17,13,8,17,0.032282471656799316,0.032282471656799316,-0.2935839295387268
1337,7,2,3,77,42,23,3.443098306655884,3.4495270252227783,3.4461376667022705,6.404553413391113,3.4434962272644043,18,14,9,19,0.006428718566894531,0.0003979206085205078,2.9614551067352295
1337,7,2,4,115,0,26,0.058995429426431656,0.050814174115657806,0.01582445204257965,0.022958306595683098,0.0568375438451767,21,16,10,22,-0.00818125531077385,-0.002157885581254959,-0.03603712283074856
1337,7,2,5,32,57,27,1.3656457662582397,2.4214694499969482,3.982877492904663,8.719056129455566,2.422271728515625,22,16,11,23,1.0558236837387085,1.0566259622573853,7.353410363197327
1337,7,2,6,20,1,25,2.4381637573242188,2.4328067302703857,2.446016550064087,2.2991538047790527,2.4564146995544434,20,15,10,21,-0.005357027053833008,0.01825094223022461,-0.13900995254516602
1337,7,2,7,70,47,25,2.6227517127990723,2.3519749641418457,2.2333106994628906,1.9976941347122192,2.476212501525879,20,15,10,21,-0.27077674865722656,-0.14653921127319336,-0.625057578086853
1337,7,3,0,60,56,21,5.366367340087891,5.55652379989624,5.832474708557129,6.380387306213379,5.55652379989624,17,13,8,17,0.1901564598083496,0.1901564598083496,1.0140199661254883
1337,7,3,1,67,51,22,4.675596714019775,4.680224418640137,4.991811752319336,5.484879970550537,4.680224418640137,18,13,9,18,0.004627704620361328,0.004627704620361328,0.8092832565307617
1337,7,3,2,96,53,24,1.4323906898498535,1.309592843055725,1.1691100597381592,4.193141937255859,1.3557523488998413,19,14,10,20,-0.12279784679412842,-0.07663834095001221,2.760751247406006
1337,7,3,3,49,13,16,0.7788594365119934,0.773392379283905,0.7277146577835083,1.939436912536621,0.7374682426452637,13,10,6,12,-0.005467057228088379,-0.041391193866729736,1.1605774760246277
1337,7,3,4,85,43,23,1.3079423904418945,1.258147954940796,1.2439870834350586,3.0070252418518066,1.2721030712127686,18,14,9,19,-0.04979443550109863,-0.03583931922912598,1.699082851409912
1337,7,3,5,23,53,21,2.8287100791931152,2.77093505859375,2.7964653968811035,1.4865156412124634,2.77093505859375,17,13,8,17,-0.057775020599365234,-0.057775020599365234,-1.3421944379806519
1337,7,3,6,114,42,19,3.352598190307617,3.553933620452881,4.448749542236328,4.961671352386475,3.553933620452881,15,11,8,15,0.20133543014526367,0.20133543014526367,1.6090731620788574
1337,7,3,7,60,1,16,0.05173739418387413,0.05118789151310921,0.05101005360484123,0.05451154708862305,0.05093913897871971,13,10,6,12,-0.0005495026707649231,-0.0007982552051544189,0.0027741529047489166
1337,7,4,0,57,42,25,2.265404224395752,2.344089984893799,2.360999345779419,5.415145397186279,2.3792383670806885,20,15,10,21,0.07868576049804688,0.11383414268493652,3.1497411727905273
1337,7,4,1,32,5,26,5.87449836730957,6.3408660888671875,9.826565742492676,10.241829872131348,6.293649196624756,21,16,10,22,0.4663677215576172,0.41915082931518555,4.367331504821777
1337,7,4,2,45,39,24,2.3100836277008057,2.7245798110961914,2.152729034423828,2.095701217651367,2.6895954608917236,19,14,10,20,0.41449618339538574,0.37951183319091797,-0.21438241004943848
1337,7,4,3,93,39,23,3.5521817207336426,3.4026222229003906,2.95019793510437,2.2151498794555664,3.331118583679199,18,14,9,19,-0.14955949783325195,-0.22106313705444336,-1.3370318412780762
1337,7,4,4,39,59,26,3.7016043663024902,3.8213539123535156,4.696743965148926,4.528145790100098,3.811985492706299,21,16,10,22,0.11974954605102539,0.1103811264038086,0.8265414237976074
1337,7,4,5,117,50,21,2.847681999206543,2.8459367752075195,3.288454055786133,3.290586471557617,2.8459367752075195,17,13,8,17,-0.0017452239990234375,-0.0017452239990234375,0.4429044723510742
1337,7,4,6,20,1,25,2.4381637573242188,2.4328067302703857,2.446016550064087,2.2991538047790527,2.4564146995544434,20,15,10,21,-0.005357027053833008,0.01825094223022461,-0.13900995254516602
1337,7,4,7,14,52,23,1.9042149782180786,1.9190055131912231,1.769667387008667,4.394286155700684,1.9089128971099854,18,14,9,19,0.014790534973144531,0.004697918891906738,2.490071177482605
1337,7,5,0,51,52,25,1.0114245414733887,1.0414143800735474,1.092491865158081,6.494830131530762,1.0360107421875,20,15,10,21,0.02998983860015869,0.024586200714111328,5.483405590057373
1337,7,5,1,36,59,24,0.024799581617116928,0.047438621520996094,0.405281662940979,0.692343533039093,0.04749887436628342,19,14,10,20,0.022639039903879166,0.02269929274916649,0.6675439514219761
1337,7,5,2,4,6,25,2.7265396118164062,2.6520376205444336,2.736996650695801,3.965075731277466,2.824284315109253,20,15,10,21,-0.07450199127197266,0.09774470329284668,1.2385361194610596
1337,7,5,3,45,19,20,2.8293471336364746,2.807950973510742,2.8467066287994385,2.7810769081115723,2.807950973510742,16,12,8,16,-0.021396160125732422,-0.021396160125732422,-0.048270225524902344
1337,7,5,4,35,42,25,0.06602407991886139,0.05698675662279129,0.05751834064722061,0.07156934589147568,0.0607815720140934,20,15,10,21,-0.009037323296070099,-0.00524250790476799,0.005545265972614288
1337,7,5,5,57,42,22,1.4776294231414795,1.489211082458496,1.787710428237915,3.8827219009399414,1.489211082458496,18,13,9,18,0.011581659317016602,0.011581659317016602,2.405092477798462
1337,7,5,6,54,8,19,4.79420280456543,4.872546672821045,4.948143482208252,4.486838340759277,4.872546672821045,15,11,8,15,0.07834386825561523,0.07834386825561523,-0.30736446380615234
1337,7,5,7,119,59,26,0.043633703142404556,0.04545863717794418,0.08159837126731873,5.408899307250977,0.044880710542201996,21,16,10,22,0.001824934035539627,0.0012470073997974396,5.365265604108572
1337,7,6,0,42,46,22,2.5681393146514893,2.583996295928955,2.613675594329834,5.9232378005981445,2.583996295928955,18,13,9,18,0.01585698127746582,0.01585698127746582,3.3550984859466553
1337,7,6,1,20,21,23,0.5054613351821899,0.7093654870986938,1.520206332206726,1.09584641456604,0.735619843006134,18,14,9,19,0.2039041519165039,0.2301585078239441,0.5903850793838501
1337,7,6,2,100,43,23,0.5690154433250427,0.5688822269439697,0.5583613514900208,0.7059021592140198,0.5635631084442139,18,14,9,19,-0.00013321638107299805,-0.005452334880828857,0.13688671588897705
1337,7,6,3,22,1,26,0.7713188529014587,0.8195554614067078,0.8808060884475708,0.7927703857421875,0.7773297429084778,21,16,10,22,0.04823660850524902,0.006010890007019043,0.02145153284072876
1337,7,6,4,112,43,25,1.9091383218765259,0.9157983064651489,0.7127838134765625,0.847969651222229,1.9064387083053589,20,15,10,21,-0.993340015411377,-0.002699613571166992,-1.0611686706542969
1337,7,6,5,89,6,21,2.522312641143799,2.311570644378662,3.6448769569396973,4.183013916015625,2.311570644378662,17,13,8,17,-0.21074199676513672,-0.21074199676513672,1.6607012748718262
1337,7,6,6,85,1,19,5.822609901428223,5.879415988922119,7.500993728637695,8.712420463562012,5.879415988922119,15,11,8,15,0.056806087493896484,0.056806087493896484,2.889810562133789
1337,7,6,7,55,43,23,0.340878427028656,0.33443814516067505,0.37953031063079834,0.7610031366348267,0.347503662109375,18,14,9,19,-0.006440281867980957,0.006625235080718994,0.42012470960617065
1337,7,7,0,77,46,24,0.16509535908699036,0.17494361102581024,0.2483176290988922,1.455451488494873,0.16257652640342712,19,14,10,20,0.009848251938819885,-0.0025188326835632324,1.2903561294078827
1337,7,7,1,18,31,23,3.544369697570801,3.429486036300659,3.0761349201202393,3.0156972408294678,3.4642751216888428,18,14,9,19,-0.1148836612701416,-0.08009457588195801,-0.528672456741333
1337,7,7,2,27,43,21,0.47326576709747314,0.44576704502105713,0.5385251045227051,0.8047801852226257,0.44576704502105713,17,13,8,17,-0.027498722076416016,-0.027498722076416016,0.3315144181251526
1337,7,7,3,73,53,23,0.11002497375011444,0.15593667328357697,0.15240563452243805,1.6395502090454102,0.18644754588603973,18,14,9,19,0.045911699533462524,0.07642257213592529,1.5295252352952957
1337,7,7,4,31,11,22,6.728549957275391,6.380624294281006,6.0871076583862305,7.451750755310059,6.380624294281006,18,13,9,18,-0.34792566299438477,-0.34792566299438477,0.723200798034668
1337,7,7,5,5,0,27,0.843224823474884,1.032500982284546,1.3473918437957764,1.28806471824646,0.8808762431144714,22,16,11,23,0.18927615880966187,0.0376514196395874,0.4448398947715759
1337,7,7,6,7,39,25,3.764118194580078,3.6608870029449463,3.4270596504211426,2.17441463470459,3.6646296977996826,20,15,10,21,-0.10323119163513184,-0.09948849678039551,-1.5897035598754883
1337,7,7,7,40,59,23,0.02892051264643669,0.02735259011387825,0.032831091433763504,0.9621524810791016,0.027561703696846962,18,14,9,19,-0.0015679225325584412,-0.0013588089495897293,0.9332319684326649
